A0RiHq	ref	fwKnX	Reports
A0h48b	frame	G5PWrR	Page
A0qTu	frame	z4Xwy6	switch off
A0y3z	text	G2dvk	Role
A1aug9	frame	PPrJ7	Select checkbox
A1uFL	frame	exiPr	Secondary nav
A2Tq5Y	frame	hWY7j	Cell
A2bVbC	frame	pu6qZ	Body
A3a0GA	frame	exiPr	Header
A4E1dT	frame	ZCxlK	Radio
A4SKK	ref	WFSg5	Action
A4msH	frame	WU9Ef	Inline edit
A4pOFj	frame	jsW9M	Spacer
A5c9Bf	text	A3a0GA	Note
A5emeX	frame	owVI5	Input · amount + currency
A67RN2	text	wmU0Q	Label
A6a36	frame	iEzP7	Chart
A74Bv	text	X55a7	A
A78n2F	ref	bD3o6	Chip income
A7CI5b	frame	qecZ1	Amount
A7fgPl	frame	ooLSq	Viewport 320
A7kNZ	ref	VUOd7	Form field
A8aaG	frame	LTS3z	Chips
A8qu0	ref	EaIMm	Month
A93WWo	frame	WjbJc	Cell
A93isd	frame	l8eetp	Dark
A9mZPR	text	IbI8K	Caption
AAB56	frame	vGjfy	Wordmark
AD33y	text	qtL4d	Caption
AD6T3	frame	V6Wr1o	Section header
AE0LC	text	TCZBs	c1
AEBxd	frame	exiPr	Dialog and destructive confirmation
AFLfP	frame	HyvI1	Column
AGXkY	text	Loebp	Name
AGn3Z	text	w7S1xF	S
AImJc	frame	ytIEI	Light
AMoX2	frame	aQNEJ	Row
ANea7	text	lyu95	Note
AOHLY	frame	zST8l	color-action-secondary-hover
AOnI6	text	DfUPO	Caption
APO2P	text	vVN9R	Components
APXCe	frame	WopsQ	dialog
AQOmz	ref	Szvqr	Notice
ARNGF	text	Kf2Yr	Sign
ATD60	ref	tjq6w	Tab Spending
ATWCR	text	jyhhb	Footnote
ATbkX	frame	SmdMu	Cell
ATzSW	frame	mjYF8	Cell
AWr0y	frame	fiQof	focus
AWymE	frame	wUZZy	Row 5
AY3Hp	text	BO7HN	Amount
AZ0ja	text	xvW5I	Caption
AaCF9	text	L4bVT	Crumb
Abe7f	rectangle	rzPRB	Rule
AcTkH	frame	J4V9sk	neutral
AfCP3	text	uBzdd	Label
AfPVj	text	iG22T	Label
AkIDb	ref	oz0kL	affix + code focus
Am8aY	ref	x3lqx	Notice global
AnTbe	text	FJMXV	Caption
AoSSl	text	E3XyC	hover
AqckN	text	W4jV16	Role
ArE2v	rectangle	inUf3	Bar
Au3NA	frame	vKEkQ	Dialog
AuJS4	text	e4Rvkx	Role
AvjZx	frame	WjbJc	Cell
AwdCR	frame	odujP	States
AxnYs	frame	UesgU	Light
Az2IS	frame	pSJT2	Chips
AzbjU	frame	Gl44P	Dark
B1Tqg	text	Yz20X	Label
B1iAVj	text	tMr2e	Value
B1oanp	frame	f0q8O5	color-chart-2
B20Km	text	U0Piyd	Name
B2VQKJ	text	NnhJs	Name
B2zaO	text	I15c6y	Body
B307MH	frame	uC4nV	Tabs
B3N13r	text	CPO77	Contract
B3YJvF	text	KAzHz	Token
B3sC3y	frame	b95ejQ	Sections
B3u9pi	frame	z4Xwy6	checkbox on
B3yBOr	text	miHSM	Sub
B55QIL	ref	hrb5G	Brand
B5hPh	text	gGqYU	Label
B6LHM	text	MIfsT	D
B8CKV	text	qakyO	B
B8M5f	frame	fwKnX	Section INSIGHT
B8Njx	ref	O2ufPR	Field
B8oPhj	text	F0IDW	Token
B8w0Ze	text	ScXBW	Caption
B9bQR	frame	lHxua	Spacer
B9mDb	frame	Jlt5Z	direction
B9tsQ	frame	SmdMu	Cell
BAzba	text	q9PPZB	c1
BBPNC	frame	EpRPP	Spacer
BCKWR	text	e2I5jl	Token
BCTrj	frame	U3Tzr	Input · affix and states
BEbyQ	frame	JYdmM	Pair
BEw1T	text	k5LlJ	T
BIRbz	frame	nxC5s	Row
BJ3YK	frame	AMoX2	color-text-secondary
BKJrq	text	jH3QI	Role
BKn5o	frame	kVRdr	On the balance card
BLbNw	ref	GwO3r	Selected middle
BO7HN	frame	U8oxbw	Row 1
BOO9R	text	fUt2o	Caption
BPW3V	frame	IbI8K	Page
BQVOZ	frame	LHBGo	Body
BT75m	frame	CilH8	elevation-3
BTRta	text	X6GnPU	Caption
BTV7m	text	w8Iaf	Heading
BUigG	text	ZGLPI	Category
BWmuV	text	V4XXLn	Q
BcsEe	frame	hWY7j	Cell
Bct94	frame	l8eetp	Light
BcyfS	text	FxOSG	Caption
BdKRS	text	x6oHlX	V
BdkUs	text	L7GmV6	c1
BeSB3	frame	LLxFg	Brand fill
Bh8RL	ref	G6kkU	Form field
BhVVu	text	uDxMI	Expense
Bhz3O	text	Pht3l	avoid when
Biuvp	frame	xyaqg	Row
BiwvZ	text	O8KAol	Name
Bj3JY	frame	MHfgv	Chips
BmXJJ	frame	BQVOZ	SECTION SLOT
Bnh8p	text	LjVsj	Caption
BqI2i	text	q6ImJ	A
BrQ2A	frame	EvBXN	Light
BuMrq	rectangle	iu4r6	Bar
BubpG	text	ru4yJ	D
BvZaE	frame	yVfDo	Caption
BvvqZ	text	juGNi	Caption
BwPUK	frame	F5KLS	Dark
BxL4T	text	ySkbX	c0
BxPNy	text	q8bOIO	Name
BxajT	ref	NSACs	ghost active
Bz87r	frame	IbI8K	Transactions / Wide
C0B8JX	text	Cf5FA	Expense
C0sWqz	text	GEqdP	Note
C1M5zg	frame	-	20 · ATOMS
C1a7di	text	KkV2T	Rule
C26rd2	frame	lymRM	Cell
C2J39U	icon	lx4SQ	Icon
C3Uw7	text	Vbjgo	Cell
C3YH9	ref	kVRdr	Toast on canvas
C3fn1	text	s6mCu	S
C41dyN	frame	eEzVs	Data is still loading
C4rqN	frame	G2dvk	Chips
C5czi	frame	lFZJj	Body
C5gJfP	text	BT75m	Label
C6Kyk	frame	xyaqg	Row
C6vRRC	text	G2Jpxj	Label
C7MNJ	text	WjbJc	Label
C8B2G	text	xhUan	Label
C8PpI	frame	bu96G	Dark
C9DT1w	frame	C1M5zg	Navigation progress
C9PreI	frame	gZzJS	Slot
CB8wX	text	r0ZDLg	Name
CC09p	text	D1lVSI	Contract
CHc1y	text	HwcW9	V
CHtFe	frame	Cf5FA	Brand fill
CJBPC	text	Fny8k	Cell
CPO77	frame	yv69e	Spec header
CPlgP	ref	o85UCF	primary
CSFi2	text	Glxte	Caption
CSIlr	frame	wUSMd	Spec header
CWfNZ	frame	u6KZf	Spacer
CXJgv	frame	UDCkT	Sidebar
CXST9	frame	O3Zkv	No yes
CZBL6	text	T0B02	Px
CbBwz	text	a1dmeY	Note
CbeJT	ref	l8D82j	Control
CdgXi	text	IrseR	Caption
Ceimo	text	VE2z9	Account
Cf5FA	frame	Y6vtv	Adjacency
CghNY	frame	nsi3x	Cell
CgwUL	frame	Eelod	Spec header
CilH8	frame	Kawi6	Ladder
CkB7x	frame	ZzVsy	Specimens
CmE1N	frame	XAa5Z	Section header
CowGt	frame	A7fgPl	App header/compact
CpNyf	text	NKwSM	Note
CpZPm	ref	NEIet	Sidebar
CqILu	ref	L0hfW	Profile
CqT4U	frame	vTf2q	Cell
CqsXh	frame	IbI8K	Transactions / Ultra 1920
CsqFW	text	aXfoY	Token
CtSH4	text	RApR9	Sample
Ctly1	text	Kawi6	Caption
CtsNw	frame	t5yZV	Tab
CwLeL	frame	VE2z9	Status
Cwh3k	text	DBWSq	duration
CxxCK	text	pHSdl	Sample
CzG3v	text	hbe4Q	Eyebrow
D0ohfE	text	YlD0Y	Token
D0xMm	text	MIfsT	A
D1lVSI	frame	fiwvj	Spec header
D1scb1	frame	Tr38o	Body
D3TKJV	text	dgdUO	Sub
D42tk	ref	bWpQ3	checkbox on disabled
D50Zh3	text	jQ1IB	Label
D5lJSo	ref	tjq6w	Tab Cash flow
D6XlH	frame	D1scb1	CONTENT SLOT
D7WKNs	frame	e71VkD	Cell
D83An	ref	IGbQe	Sidebar
D9qgYT	text	BJ3YK	Token
DBWSq	frame	WopsQ	Head
DDKSv	text	G2dvk	Token
DDQT9	text	F9KwSQ	B
DEVBi	frame	pU6IB	light
DFTFF	frame	Bj3JY	Dark
DFX9B	rectangle	vGy5F	Rule
DG5so	ref	g0HWMH	Empty state
DGlVE	text	jjwW3	Label
DGuGu	ref	T6Bc2	Filter
DIzkM	frame	nZIbb	Cell
DK15J	frame	vTf2q	Cell
DN3Qr	text	tMr2e	Key
DNtGq	frame	ysy3B	Light
DOmZy	frame	G66ae	Table
DPh84	text	mnDeI	disabled
DQQM6	ref	ilHz8	Badge warning
DRliA	text	tTaUg	Token
DUBMU	text	fdzVC	S
DWFv5	frame	UsEil	Page header
DWhVh	frame	YpDNp	Body
DaJFK	text	rLUpH	Label
DaJIq	ref	B307MH	Tab pending
DaQVF	text	Pqsv5	Token
DcDX7	ref	vcb7d	Pagination
DfIcM	text	CXST9	D
DfUPO	frame	vly34	light
Dfu1p	text	b2GxUH	Easing
DhrDI	frame	SpMHa	density-section-gap
DiY6n	ref	PviJn	Select
Dj4n7	text	RLbB1	active
DlhnV	text	ZYKs1	Label
DmShh	frame	i3DPb	Row
DmX3u	frame	QMuXf	Caption
DoOp9	frame	T0AJo	Divider
DolIh	frame	ZsI2p	Top
DpVjm	text	Hl95t	Sub
DpWec	ref	WMlvF	Rail
DqVw6	frame	TBamg	Spec header
Ds8gO	text	Au3NA	N
Du6q7	text	t1hnAR	Easing
DvJKz	frame	NQgiU	Slot
Dwu5i	text	JnUsc	c2
DxHZX	ref	n4rPu3	Form field
DyOQL	text	ZC239	Value
Dz4Pg	ref	Zg3Us	Badge
DzJCR	frame	G3TEI8	layout-drawer-width
DzUdS	frame	wLGZd	Brand fill
E0R6of	frame	DEVBi	Controls
E0akj	ref	ZXnVr	destructive
E1EzZx	text	x6oHlX	S
E1PrNn	text	l873S	Role
E1alAt	text	cxbxG	Link
E1v7Pn	frame	O1sfhh	Cell
E2yEo	frame	nxC5s	Row
E38ZPN	text	Ldl4w	Role
E3BiM	text	sKqay	Caption
E3XyC	frame	z4Xwy6	Head
E3ZiE	frame	z3biO1	Cell
E3iKVF	text	H3YQR	A
E4HHc	frame	RZFrD	Ring
E4ebB	text	rnGLp	Cell
E5Ar21	text	rnGLp	Cell
E6NwK	text	BvZaE	Note
E6wdG6	frame	uediR	Chips
E7JPI	frame	Z6xrE	Bars
E85xEA	text	Q1uLd	Caption
E8NXK	text	Qo3GB	Contract
E8SQN	ref	xNVFG	Empty state
E8w0r	ref	ETiRe	Meter Subscriptions
E8xrQr	text	rWTSP	D
E90jP	text	ab09l	rest
E9Gqc	text	pzKYo	Cell
EAKJN	frame	yBRDP	Spec header
EAPDf	text	gDcrz	Key
ECIS3	ref	mrav1	Field
EDgMt	frame	xxsPr	Slot
EEqqR	text	BmXJJ	Note
EFvjC	text	KVM4o	Title
EGKmD	text	iiEvV	Cell
EGc0F	text	p0lQDV	Body
EHNrx	text	K0cFeu	Caption
EIKcH	text	chid7	Label
EIN2u	text	hSotM	Label
EIhhT	frame	d5mZT	Dark
EJBTW	frame	gy8qm	Step indicator
EM0w0	text	mpwKl	Name
ENHAp	text	Lplbc	Cell
ERmFl	frame	WU9Ef	Drawer
ETiRe	frame	gy8qm	Budget meters
ETovj	text	J3z4I	Label
EUfg3	text	c52CQ	Key
EVM2r	frame	UuPuV	10 · FOUNDATIONS
EYRIR	text	I3So7c	c2
EYjEM	text	n1jtX	Title
EaIMm	frame	W8ig0	Months
EbwgK	frame	ObDQn	Spec header
Ecihv	text	gFyRw	Caption
Eelod	frame	exiPr	List scaffold
EfEGZ	frame	gy8qm	Category chip
EfRTc	text	hEXWR	Regime
EgTh7	frame	aMVRV	Slot
EjvpM	text	UOwin	Name
EkmnO	text	raCjG	Date
ElPwS	frame	ULzBq	sm
ElqPf	text	g6xB9s	Key
Em3Uc	text	Yz20X	Note
Enur3	text	CtsNw	Count
EpRPP	frame	rOJmK	App bar / compact
Er35P	text	pEGZm	Note
ErE0t	text	qTFMF	Contract
Es3SF	text	l9iCLI	Label
EsS06	text	lOOjD	Caption
EtBN1	text	HwcW9	A
EuOTT	frame	jsW9M	Spacer
Eupii	frame	Gl44P	Light
EvBXN	frame	IsO26	Chips
Ex33D	frame	AcTkH	Slot
ExZLe	text	SFEli	S
EyeSN	frame	LjVsj	Slot
F0IDW	frame	L6dXOi	space-2
F1PbO	frame	rNJzg	Button
F1nnt	ref	Y2H0CS	Confirm
F2KKsc	frame	mqAiQ	Ring
F2WvE5	ref	AFLfP	Amount
F3Es9	text	i6Lakn	Caption
F3Vp6	frame	v4jISe	Light
F3oWc	frame	U7s5e	Dark
F4NIUQ	frame	TDcrs	Slot
F4jrIw	frame	PD8Hj	Specimens
F4oN0q	text	B3u9pi	Label
F5KLS	frame	o5lDg	Chips
F5VYV	text	y7nJp4	A
F774Iw	text	Ldl4w	Token
F7ONp	text	WtWrj	Caption
F7mFGf	text	Y6vtv	Mode
F98EBZ	ref	W8ig0	Newest
F9KwSQ	frame	PPrJ7	Category chip
F9Yls	frame	GWbdn	Dark
FAAY0	text	o0Tc2	Who
FCrAK	text	xdDs5	w
FDIj7	text	MIfsT	S
FFacQ	ref	W3sEe	Merchant field
FGfRi	text	q9PPZB	c2
FJDx7	text	iiEvV	Cell
FJLeG	ref	eWCcX	Account trigger
FJMXV	frame	ciGdg	Specimens
FJthy	text	kCbD9	Mode
FK0ct	frame	NEIet	Main
FKSVH	frame	vKEkQ	Page banner
FLmOO	frame	vcb7d	List
FOaFA	frame	G48NsR	text input
FP8cL	text	vVN9R	Heading
FS0b3	text	kIROx	error
FTE29	frame	uFBGa	Dark
FTrNO	text	Zn1aI	filled
FULDR	text	xVEJk	Role
FZOjp	frame	C1M5zg	Brand
FZvua	text	PRm92	R
Fa6Dl	frame	gIimY	Slot
FguRX	frame	EgTh7	Account name
FhlEn	frame	g4yvP	Cell
Fj8vC	frame	exiPr	App bar / compact
FjKpJ	frame	buNKk	Slot
Fjlli	frame	C9DT1w	Spec header
Fm4dI	text	aXfoY	Role
Fmygl	text	TuK25	Name
Fn7wq	frame	PeH40	Cell
Fny8k	frame	RHe01	Row
FoAm3	frame	vKEkQ	Inline alert
FoRHh	text	zv5ci	Title
FryvW	text	QmsFv	Name
Ft6tC	text	Y52ER	Category
Ftl9M	frame	AEBxd	Ruling
Fu18l	text	xxsPr	Caption
FxOSG	frame	JcOFm	lg
FydMT	frame	gy8qm	Breadcrumbs
G0rjN	text	IbI8K	Caption
G1WyMo	text	t7OYv	Title
G233dT	text	B1oanp	Role
G2Jpxj	frame	JVvDQ	Top
G2dvk	frame	AMoX2	color-text-inverse
G3TEI8	frame	RzIsX	Layout · compact / medium / wide
G3nMm	frame	GDH1I	Slot
G48NsR	frame	K6O5LV	Matrix
G4w5oZ	text	KUP05	Body
G5PWrR	frame	K0cFeu	Shell 1024
G5h4hF	text	yhEtx	Sample
G5m4X	frame	z3biO1	Cell
G5oyVc	frame	R5BXse	Transactions / 320 · editing
G66ae	frame	tq9k5	Navigation
G6kkU	frame	iG22T	Cell
G6wnw	text	lFZJj	A
G75Wt	text	lymRM	Label
G7bvFV	text	GDH1I	Caption
G88rM0	text	Z53faY	Meta
G8djvU	ref	jbhwl	Cancel
G9143	frame	WjbJc	Cell
G91dii	text	K0cFeu	Scale
G99J7t	text	P9UHVm	Detail
GAEsk	text	SvE2S	Detail
GATbz	text	gZzJS	Note
GAznZ	text	Kf2Yr	Semantics
GBhP4	text	w3fR5o	A
GCCfJ	frame	z3biO1	Cell
GCEbT	frame	yyPXL	ACCESSIBILITY
GCk2w	text	kfa2T	selected
GDH1I	frame	Jlt5Z	density
GE3f2	frame	ILP54	Slot
GEqdP	frame	b95ejQ	Content
GFsQf	text	D6XlH	Note
GGFDy	frame	pHc7u	dark
GGMbO	frame	XNKYM	Spec header
GHoUQ	text	wQZhy	Key
GIvxq	frame	MGBxU	motion-ease-enter
GLpmL	frame	Bz87r	Main
GMHfh	frame	eEzVs	Card on file expires this month
GMWHe	frame	ojYDS	Triggers
GManW	text	X1uXU6	Cell
GQDSp	text	in1eg	Body
GRRZ1	frame	G3TEI8	layout-page-gutter
GUP44	ref	WUl9m	secondary
GVB3D	text	HJ9dt	C
GVpgl	frame	U8oxbw	Row 4
GVri4	text	R53DB	Px
GWbdn	frame	gGTIr	Chips
GWncw	frame	nZIbb	Cell
GXWet	text	BvZaE	Label
GXZnA	frame	GLpmL	Body
GaVJ0	text	I15c6y	Title
GbIrM	frame	JcOFm	with icon
Gc17K	text	e5srUU	Name
Ge2oP	text	daoOh	Label
GfK4U	frame	iEzP7	Spacing
Gj191	text	C6Kyk	Amount
GkQiP	frame	cwrhF	Nav current
Gl44P	frame	zNsCZ	Chips
Glxte	frame	Wk2i2	dark
GmKf4	ref	bS5wc	input disabled
GmmQz	frame	J1b63R	color-bg-canvas
GnCfd	frame	X1EJcz	Light
GoMH3	text	LTsK9	Label
GqyQx	text	O3Zkv	Title
Gs3nB	text	OAIob	c2
GsnsN	text	BKn5o	Caption
GsvxN	text	fTBMh	Note
GtebY	ref	jbhwl	Confirm
GtsK3	frame	n40GIO	ghost
GuAEM	text	Au3NA	W
GwAez	ref	L0hfW	Rules
GwO3r	frame	ui8Iz	Cell
Gwcyk	frame	totwS	Dark
H0APd	frame	IbI8K	Settings / Wide
H0gal	ref	wCboc	Settings
H0ouZ2	frame	qQ3QX	groceries
H1sJSF	text	ytAFU	Label
H1u05	frame	iG22T	Cell
H3YQR	frame	WRwWX	A category's transactions
H3i0wf	text	oGOgB	T
H44D2	text	S4RlOZ	where it sits
H4A2nZ	text	Vjqoc	Note
H4YfEy	frame	yCPgC	Slot
H4b5hf	text	zBxSz	Name
H4pCQ	ref	g1tBHA	mixed rest
H6SAb	text	QX23P	Token
H8j9Q	text	nsi3x	Label
H9RwC	text	iiEvV	Cell
H9Y0b	text	gbC1r	Cell
HA3No	frame	nm2Ex	Slot
HAz5K	text	u1YNTF	Cell
HEz8Y	ref	dOlDf	Settings sections
HFlWG	text	l1TBF	What
HG79G	ref	h5hFxx	plain focus
HGG9V	text	Lplbc	Cell
HGZQP	text	T8rPJ	Token
HJ9dt	frame	PPrJ7	Merchant name
HMfCZ	text	tS1R6	Title
HNY7C	frame	wGfF3	Slot
HPDha	text	oYCuk	D
HPF02	text	cWBZt	Body
HPYic	text	DqVw6	Contract
HQLSI	frame	kNRaN	Light
HRHUF	frame	i3DPb	Row
HVXVF	text	zNsCZ	Token
HViAc	text	w5ZouR	Message
HW0Ct	text	vQMh5	Caption
HX5iK	frame	JVvDQ	Track
HXYCc	frame	gt28l	Row
HbeNo	ref	aA7RE	Select all
HdOCf	text	DmX3u	Note
Hf4Ua	text	DqVw6	Name
HgpIE	ref	pvn4R	Form field
Hgs7O	frame	C1M5zg	Skip link
HjCvD	text	pACqU	Easing
HjFzr	text	z6erp4	Name
HjJqj	text	MJgsQ	Contract
Hl95t	frame	UQuEq	Section header
HlRZX	frame	KUOMa	Pagination
HnFBv	text	iyeM0	Label
HodlM	frame	Hxmzc	Paging
HrJII	frame	sB9oY	Spec header
HrXtq	ref	Kmn2q	Account stale
HtDL5	text	Pr4zn	T
HuIA9	text	nQqPS	Label
Hv5JJ	text	y98B6	Title
HvNF3	frame	lD514	Dark
HwcW9	frame	WRwWX	A budget period
Hxmzc	frame	MiZAZ	Seek pager
HyvI1	frame	W9roE6	Specimens
Hzvk7	text	dYG7b	Role
HzxsW	text	ufjrF	Duration
I15c6y	frame	yv69e	Consequence
I2lqH	text	j9MzJ8	Title
I3So7c	frame	WU9Ef	Confirmation dialog
I5QZb6	frame	PeH40	Cell
I6XUEd	text	klRge	Test2
I758m	text	o5lDg	Token
I7GW2	text	yCPgC	Caption
I7YAkd	frame	pU6IB	dark
I7tmt	text	UJKx9	hover
IAEse	text	Hxmzc	End
IBz7n	text	wGfF3	Caption
ICrvF	text	r2J1JC	Label
IDi3r	ref	l8uV6	Row
IEOxf	ref	L0hfW	Categories
IEQSA	text	Wq7QG	Caption
IEmHS	frame	PhX6a	Slot
IF1EM	frame	gy8qm	Account menu
IFUc4	frame	aBEYB	Ring
IG2NA	rectangle	Pqsv5	Bar
IGPRO	text	LGYJw	Title
IGbQe	frame	IbI8K	Signed-in landing
IIbFb	text	rcPRp	Sample
IJOIa	text	ZazNV	Corner
IJpdy	text	RxvDb	Title
ILP54	frame	hSotM	Cell
ILTRL	text	T0B02	Sample
IQbb3	frame	RHe01	Row
IRpvS	frame	dBuVL	Bar
ISs5H	icon	L4bVT	Separator
ITHJU	text	Zg3Us	Balance
IWE8J	frame	yHyfV	focus
IY1Tg	text	kfa2T	disabled
IYGMk	text	oEg6v	Title
IZJ5G	text	g1Fw5	Amount
IZJxu	text	ysP4V	Delta
IbI8K	frame	-	50 · TEMPLATES
IcHSX	text	yhEtx	Token
IegKg	ref	EaIMm	Month
IfpS5	text	DhrDI	Key
IhhIn	frame	qQ3QX	uncategorised
Ijo8t	frame	uFBGa	Light
Ilsy4	text	hbe4Q	Note
InXTn	text	x6SOV	never for
IrPz7	ref	EDgMt	Amount neutral
IrseR	frame	op50O	search
IsO26	frame	h9uKN	color-action-secondary
It7yc	text	I7YAkd	Mode
ItrgL	text	qnITi	what the shell shows
Ittq1	text	DBWSq	what
Iv0pS	text	NQiiY	Value
IvL0J	text	nuObm	Label
IvOch	ref	cfkK0	Transactions
IwgOG	frame	OxBK3	Head
Iz6X5	frame	SEiE2	Light
IzTue	text	qjvsu	Sample
IzvAy	ref	Bz87r	Sidebar
J0J45O	text	pzKYo	Cell
J0PDn	text	iu4r6	Label
J1b63R	frame	V6Wr1o	Row
J1mewP	frame	gue4w	Ring
J1vnGz	text	H3YQR	S
J20qyH	text	x3lqx	Caption
J2IQL	ref	H1u05	Form field
J3aKnM	icon	hHYs5	Chevron
J3aPJ	ref	ATzSW	Search filled
J3eTj	frame	fwKnX	Footer divider
J3ktOd	frame	xyaqg	Row
J3oQo	text	APXCe	Duration
J3z4I	frame	uePXG	Page header
J46CJ	text	foiYU	What
J4V9sk	frame	uMfqn	Specimens
J4ZCUl	ref	MWpS5	Amount
J5Xt4	text	Tm90f	Token
J7yDc	frame	e4Rvkx	Chips
J83ufH	ref	AwdCR	affix
J8jev	text	Au3NA	S
J9FV7	frame	uGy6D	Light
J9vkO	text	oweC0	Label
JEJ2w	text	QxlO8	B
JEaBn	text	YG0ss	Date
JEgQx	text	zNM35	Name
JEiqn	text	vHJTa	Balance
JGf80	text	hj9od	A
JHiaC	frame	ZN3nC	Slot
JIMmx	ref	o1elL	Lesser
JIk3K	text	KQbIe	Name
JIvwe	text	T2YIk	Caption
JMcmS	text	MJJtb	c2
JQayz	text	a0U8Ip	Caption
JUnk1	frame	U8eHdD	Slot
JVvDQ	frame	ETiRe	Budget meter
JXWNv	frame	jjwW3	Cell
JYdmM	frame	U3Tzr	Palette · vivid trial
JYlII	frame	rb7tN	Slot
JZ046	frame	TfFSC	Panel
JZKpS	text	vTf2q	Label
JZNMG	frame	IbI8K	Transactions / Compact 390 · editing
Jb9WP	text	CXJgv	Label
JbBXe	text	KVM4o	Stops
Jbmz6	text	hejz6	Caption
JcOFm	frame	bQaTk	Specimens
Jcd8F	text	jP78c	A
JeOYI	frame	hiKHZ	Cell
JhOOc	text	oncLV	A
JiKky	text	VE2z9	Date
JikOE	text	EVM2r	Zone
JjEPM	frame	R0OxC0	Sections
Jlt5Z	frame	sB9oY	Specimens
JmuY6	frame	QTdhT	Sidebar
JnUsc	frame	WU9Ef	Modal dialog
JsTDx	text	OAIob	c1
JuKW8	frame	uf0AM	Ring
Jvikh	frame	VOgHO	Merchant
JvuhI	text	foiYU	Duration
Jw9QR	text	hiKHZ	Label
K0cFeu	frame	n2TGXn	Specimens
K0xq8Z	frame	V6Wr1o	color-text-placeholder
K12Cu5	text	kIROx	Corner
K1wd7O	text	QxlO8	A
K2tAOL	text	maK4f	Name
K3HkGS	text	uURCP	Cell
K3rYZx	frame	lymRM	Cell
K4IdL	frame	qtL4d	Slot
K5btpF	text	Z6S6DN	Label
K6O5LV	frame	C1M5zg	Input
K6fq7	frame	W1VoyO	Brand tile
K7Ive	rectangle	sePpv	Bar
K7NBV3	text	X55a7	C
K7eXce	frame	hbbM3	Sidebar
K7tQY	ref	nbkD9	Amount lg
K82JD	ref	UwIRb	Transactions
K86xo	frame	fDv32	Cell
K8RxA	frame	X77fCK	Spec header
K90Pkd	text	A5emeX	A
K91jx	frame	rRtOa	Surface
K91lq5	text	PRm92	A
K9E9A	frame	nZIbb	Cell
K9zWl	text	nMWtn	B
KAxgT	ref	w8Iaf	Action
KAzHz	frame	V3hOmK	type-size-body-md
KBLjY	ref	FLmOO	Row
KCfSJ	text	oGNxe	Token
KEj9u	text	IhhIn	Caption
KEww7	ref	x3lqx	Notice page banner
KGjch	text	NzIsz	Label
KGxeU	text	y25CFw	Caption
KIX6Z	text	J3ktOd	Amount
KK0Jy	text	CPO77	Name
KLRcC	frame	GCCfJ	Slot
KMWYc	frame	B3u9pi	Cell
KNLdL	frame	YYfKS	Row
KNbzd	text	NroNu	Name
KOC57	frame	nLmen	4
KONUO	frame	uLTUj	Dark
KOzwB	text	wWdJk	Name
KPPdr	frame	gy8qm	Input presets
KQbIe	frame	raCjG	Merchant
KQu9E	frame	UwIRb	Footer divider
KTv21	ref	fPb3G	Row
KULkL	text	MXCae	Value
KUOMa	frame	rbj6Q	Slot
KUP05	frame	OcMMC	Reduced motion
KVM4o	frame	T84bQ	Wide 1440 · editing drawer
KZGTH	text	zV9E9	Name
Kawi6	frame	vly34	dark
Kc1r4	text	Y9zNY	Mode
Kdond	text	yMdZ3	S
Kf2Yr	frame	yyPXL	MONEY RULES
KfRDI	text	rEOk1	Label
KkV2T	frame	fy2sJ	TOKENS
Kl7ws	text	LK54d	Label
Kmn2q	frame	w242m	Specimens
Kn29w	frame	lWCc2	mark
KnOZ8	frame	zo0tV	Section header
Kqqag	frame	h9uKN	color-action-on-primary
KvJ7u	ref	qCqxX	Category
KwSDi	frame	tkB06	Cell
L0hfW	frame	w5toy	Secondary nav
L0u3mC	text	e3YgOW	Caption
L1EDSQ	frame	mh6GZ	Chips
L2PzEV	text	yMdZ3	A
L2n1og	frame	w5Y7SS	Rail
L2vaUH	text	OPcjY	Name
L3JVQA	text	w7S1xF	D
L4aPn	frame	K0xq8Z	Chips
L4bVT	frame	kJAVH	Breadcrumbs
L4beb	frame	Qa0bP	optional
L59LF	text	sglN2	Caption
L5vblk	ref	YwS18	Row
L61gTQ	text	HrJII	Contract
L6Gn2	text	h2plMS	A
L6dXOi	frame	GfK4U	Scale
L7GmV6	frame	DOmZy	Breadcrumbs
L7YIc	text	hNVtf	Detail
L8GVCd	text	b2025	A
L9W2PA	text	DmShh	Label
LACIs	ref	rtEgS	Cancel
LBKEu	frame	KMWYc	Slot
LBOVu	text	rcPRp	Token
LGDT3	text	n1U67n	A
LGYJw	frame	T84bQ	Ultra 1920 · inspector
LHBGo	frame	VYkEX	Detail scaffold / Wide
LJ0An	text	hWY7j	Label
LK54d	frame	rrht5	elevation-2
LKVVZ	frame	ZdPhc	Head
LLnea	ref	HNY7C	Avatar sm
LLxFg	frame	kCbD9	Adjacency
LNxG0	frame	i0PVTt	FILTER BAR SLOT
LPXK0	text	ab09l	error
LQLd5	frame	qQ3QX	income
LTS3z	frame	AMoX2	color-text-disabled
LTsK9	frame	e0JfP	Option B
LXAcJ	text	UqYSS	Title
LZqly	text	E3XyC	disabled
LaSih	text	Vp7Vk	Duration
Lb2rH	frame	tda8a	Dark
LcPaz	text	e7o7M	D
Ldl4w	frame	u6KZf	color-border-strong
LeDrc	frame	IbI8K	Transactions / Wide 1440 · editing
LgZv3	text	unHRN	Body
LhNlb	frame	G3TEI8	layout-sidebar-width
LhYyc	frame	d5mZT	Light
LhtTa	text	gHGnM	T
LjVsj	frame	Qa0bP	no hint
LmEqT	frame	tTaUg	Chips
Loebp	frame	GVpgl	Merchant
LosX6	frame	g4yvP	Cell
Lplbc	frame	RHe01	Head
LpuRz	frame	Wagnk	Cell
LqoqA	frame	w8Iaf	Feedback slot
LskX5	ref	UwIRb	Account trigger
LsnFv	frame	rptWw	Chips
LxRiO	text	pzKYo	Cell
M01ZRt	ref	qdVGw	radio off hover
M0PTo	text	pHSdl	Token
M2QPBb	text	e163z	Note
M2fdvp	text	B3sC3y	Note
M2hXU	text	wWdJk	Contract
M2haw	ref	w5V8d	Next
M3PqM	frame	aA7RE	H merchant
M6pnlB	ref	CwLeL	Unsettled
M6wUrE	text	RLbB1	Corner
M7ODt8	text	OAIob	c0
M7nuQx	text	FKSVH	D
M7sC4R	text	w5V8d	Page
M8DgyN	text	k1LjV	Who
M8KRsw	frame	QMA4I	Specimens
M9OEIz	text	j4Cba7	Values
M9tBpw	text	O8KAol	Contract
MAHu6	text	buNKk	Caption
MAWnM	frame	a2XDV	Light
MBBz1	text	jpGyT	Zone
MBLlL	text	iaH1D	Role
MDNC6	frame	o2yc8A	Hero
MElAE	text	svvnw	what
MEmTl	text	ls2hr	Name
MExBX	text	UQuP2	Note
MFLtN	text	kfa2T	Corner
MFU8U	frame	R9yDBw	Table region
MGBxU	frame	OcMMC	Easing tokens
MHfgv	frame	AMoX2	color-text-primary
MIfsT	frame	ZdPhc	Region widths
MJJtb	frame	DOmZy	Tabs
MJgsQ	frame	hbuSn	Spec header
MJhRD	text	UJKx9	Corner
MLV3D	frame	-	00 · README
MOjd5	frame	GGFDy	Column
MOot4	ref	ytAFU	Icon search
MP0NK	ref	L0hfW	Export
MQgU7	frame	bCCBA	Slot
MRuBz	text	vDmQU	Body
MShYc	frame	fDv32	Cell
MTcjE	frame	jjwW3	Cell
MTxiJ	ref	qLIuQ	Input monospace value
MVPBq	text	gbC1r	Cell
MWpS5	frame	iitQw	Column
MWyV7	text	adGwV	Easing
MXCae	frame	SpMHa	type-line-table
MXotv	text	HJ9dt	A
MYZCn	text	zjuzB	Label
MZaaT	frame	PeH40	Cell
Ma6HZ	ref	Oz5RO	leading icon error
MaDVJ	text	UTFXt	Note
Mb7zF	text	Lplbc	Cell
MbZlP	text	XAa5Z	Device note
McMfs	frame	ndjUs	Slot
Mdi1X	frame	u2LND	Navigation progress
Mdnav	text	hdnao	Key
Mgi9v	text	oWCEf	Sub
MiJZz	text	RLbB1	disabled
MiZAZ	frame	bY2qv	Slot
MjpNo	text	pzKYo	Cell
MkvyB	ref	w5ZouR	Action
MnjRM	text	foiYU	Why
MofTz	text	fUt2o	Verdict
MqC2J	frame	U3Tzr	Brand green beside income green
Ms6LR	text	IbI8K	Caption
MsyUQ	text	bl1IK	Note
MwUYV	text	fdzVC	A
MyFJP	frame	ATbkX	Slot
MzN9u	text	q6ImJ	S
MzvCx	text	sjJxn	Name
N07IOc	rectangle	HX5iK	Remainder
N0E5w	text	a1dmeY	Heading
N0jj6	ref	fPb3G	Row
N1BHg5	text	rbj6Q	Note
N1haj	ref	s63oBC	radio on focus
N1lmp	text	W2fEd	W
N1rpr	ref	o85UCF	secondary
N2gF4	frame	uePXG	Body
N2kSrT	text	CgwUL	Name
N2ssZm	ref	AwdCR	disabled
N2xdF1	text	TDcrs	Caption
N3jATF	text	Zc7XG	A
N3m9US	text	H0ouZ2	Caption
N44LX	frame	Ye7rm	Merchant
N4Uaxi	frame	ur7an	Ring
N4eNi	text	SvE2S	Zone
N51Evi	frame	wUywT	Stack
N61AT	frame	e71VkD	Cell
N6xsc	frame	fwKnX	Section divider
N7ssy	ref	MOjd5	Amount
N8H5E	text	C41dyN	C
N8wphj	text	GbIrM	Caption
N8yQL	ref	prZYD	Lesser
N9FQ2D	text	T2vjsa	Name
NAIMe	text	eju3T	Message
NDwpA	ref	CowGt	Header
NEIet	frame	IbI8K	Signed-in landing / ultra
NHhUw	frame	gFyRw	Slot
NKN0w	frame	xVEJk	Chips
NKnBB	frame	wUZZy	Row 2
NKnsy	frame	XvVUr	Slot
NKwSM	frame	sPqSC	Spec header
NOQjJ	text	u1YNTF	Cell
NPRYg	text	ETiRe	Note
NQgiU	frame	JcOFm	md
NQiiY	frame	U5GuDg	Content
NS9oO	text	JjEPM	Note
NSACs	frame	GtsK3	Cell
NSNKb	ref	SY0JE	checkbox on focus
NTrH6	frame	iVWTh	Slot
NXVMx	frame	f0q8O5	color-chart-5
NXrOV	frame	iG22T	Cell
NYaf8	text	k5Zk31	Contract
NZhzh	ref	Kmn2q	Account left out
Na51U	text	n1jtX	Body
Nbhpr	text	Ye7rm	Date
NbquU	frame	oHETg	device = wide (this frame's default)
Nc5C5	frame	fwKnX	Section MONEY
NcXuM	text	O3Zkv	Note
Nea5T	text	cd3EN	Change
NmWjC	text	FKSVH	W
NnRXn	frame	F5KLS	Light
NnSC1	text	nbREA	Caption
NnhJs	frame	g1Fw5	Merchant
Nq1uL	frame	tPOOT	Point
NqRvd	ref	kwcdh	Empty state
NqSIc	frame	e5QGg	Scale row
NrOAq	text	DBWSq	why it earns the motion
NroNu	frame	svm4M	Section header
NtBDP	text	svvnw	it is
Nu00E	text	vZIJj	Zone
NviEh	ref	vcb7d	Notice
NxCfl	ref	Z9Dpm	Sidebar
Nxxei	text	uDxMI	Income
Nz3qV	frame	J4V9sk	success
NzIsz	frame	ULzBq	md
O1sfhh	frame	z4Xwy6	radio on
O2cJH	ref	AFLfP	Amount
O2iP3	frame	E7JPI	Sep
O2qTa8	ref	YUBCT	Tab focus
O2ufPR	frame	wvZPE	Input/amount + currency
O3MOmR	frame	r2J1JC	Cell
O3Zkv	frame	MLV3D	Feedback · which surface
O3ubeR	ref	AwdCR	rest
O4zXR	text	IbI8K	Caption
O67ZFE	frame	nbREA	Slot
O6UBf8	text	cd3EN	Period
O8AR0	frame	U3Tzr	Reflow at 320
O8KAol	frame	r5kED	Spec header
O8W7Vo	text	tgAoi	Label
O8WC1P	ref	AwdCR	read-only + affix
O8jjK	ref	FLmOO	Row
OAIob	frame	DOmZy	Back
OBcqE	text	j9MzJ8	Eyebrow
OD88O	text	GGMbO	Contract
ODWGB	text	mjYF8	Label
OEA2f	text	KnOZ8	Sub
OF3rs	text	Nz3qV	Caption
OFfgC	text	kT38g	Contract
OHAl5	text	SsZwv	Name
OLTPE	text	sbUlw	Label
OLVee	text	YpDNp	A
OMmna	text	NXVMx	Token
OMxGI	text	IQbb3	Cell
OPTWe	text	IwgOG	focus
OPcjY	frame	kvggU	Spec header
OPdJb	ref	r5yNk	ghost hover
OR70F	text	G2Jpxj	Value
ORQvS	text	Xieoj	Sub
OS5LC	text	Z53faY	Name
ObDQn	frame	gy8qm	Tab
ObnIu	text	ntho9	Contract
OcMMC	frame	iEzP7	Motion
OcMRy	ref	Q9k14l	radio off disabled
OdXqR	frame	y25CFw	Slot
OeJbD	text	b2025	B
Ogizy	frame	UwIRb	Nav item/rail
OhRHX	ref	NXrOV	Form field
OisDS	frame	E0R6of	Button
OjC2o	text	K0xq8Z	Token
OkKdg	text	z6erp4	Contract
OkgZf	text	s6mCu	D
Olx05	text	nYFoK	Caption
OmWKC	text	IwgOG	Corner
OmxEL	frame	dBuVL	Bar
On6RS	text	adGwV	Why
OnNjy	text	oGOgB	B
Onn81	frame	gy8qm	Step actions
OrRM6	ref	x3DFqG	currency affix disabled
OsYgM	text	g6xB9s	Value
OtK9f	frame	X6GnPU	Slot
OtiiX	text	Sq36g	Caption
OuyVa	text	XvVUr	Note
OxBK3	frame	ObDQn	Matrix
OyD6z	text	krg8t	Note
OyZQH	frame	xsmxk	Slot
Oz5RO	frame	hWY7j	Cell
Ozrjy	text	dbQQ3	Caption
P0EK4Z	text	lQif8	Cell
P0UZw	frame	Kn29w	Slot
P0aRQI	text	APXCe	Why
P0l6eD	frame	spnkB	Ring
P1ESup	rectangle	PEZZi	Rule
P1Q2V	frame	XYEan	Examples
P3bgZf	text	UOwin	Contract
P3vcf	ref	r9ngy0	disabled
P49ro5	text	ERmFl	c1
P550Vh	text	kLtAQ	Sub
P7u4j	frame	T1Ugny	Slot
P9UHVm	frame	UuPuV	90 · QA
P9YJf	text	Zn1aI	Corner
P9lck	ref	OdXqR	Direction in
PATfz	ref	W3sEe	Amount field
PB6kW	frame	gy8qm	Empty state
PBfdK	text	k5Zk31	Name
PD8Hj	frame	gy8qm	Density control
PD8ug	frame	wy7Q8	search
PDgC3	text	PFeq6	Contract
PEZZi	frame	UwIRb	Divider
PFeq6	frame	QMA4I	Spec header
PFzTZ	text	bAHrn	B
PH1iv	text	KnOZ8	Name
PHzU0	text	owVI5	Title
PKRh4	text	Tm90f	Family
PKv2g	text	b2Ogk	Expense
PLAfB	text	h2plMS	B
PLyCy	frame	k981b	Grace sees
PNgtL	frame	b2Ogk	Brand fill
POI3Q	text	puzxj	Easing
PPicc	text	UYguo	Use
PPrJ7	frame	yv69e	Rules
PQiOk	frame	yhPTP	Header
PRm92	frame	WRwWX	Categories, from Settings
PTsW2	rectangle	Y9vPtm	Bar
PU7hd	text	oyNMu	D
PVFE7	text	xEZ7T	Name
PWqHM	frame	SmdMu	Cell
PXyZG	frame	tcIxy	Slot
PY4BR	text	DmShh	Amount
PZOoK	frame	iAR9Y	Ring
PcAVW	text	oYCuk	Q
PeH40	frame	n40GIO	destructive
PeQjn	text	oLSA5	Role
PeaX8	text	ZN3nC	Caption
Pg9C8	text	qmc0a	Values
PhTiA	text	gGTIr	Token
PhX6a	frame	gGqYU	Cell
Pht3l	frame	WU9Ef	Head
PiLzy	text	F9KwSQ	C
PjOIR	ref	Zg3Us	Mark
PkVlf	ref	VE2z9	Mark
PmH6g	frame	f0Bt9N	Dark
PmeKC	ref	YwS18	Row
PmhWK	text	T0AJo	Group
PqoCH	text	v0O4QF	Token
Pqsv5	frame	L6dXOi	space-16
Pr4zn	frame	zqj9c	Do not restyle chrome on an instance
Pr5rN	text	og5Z4	w
PrUba	text	RApR9	Px
PsM7w	ref	YwS18	Row
Ptzv0	text	XtcZM	Body
PviJn	frame	l8uV6	Transaction row
PwD8Z	ref	fwKnX	Overview
PwnZS	rectangle	KQu9E	Rule
PxdpW	text	mpiJb	why
PynFa	frame	dBuVL	Bar
Q00Pd	frame	Vjqoc	Cell
Q0TJ4	text	ZazNV	error
Q0YXSi	ref	PviJn	Mark
Q1WTLJ	ref	zZtNz	disabled
Q1uLd	frame	NqSIc	negative
Q1wrx	frame	TBamg	Matrix
Q3TcPw	frame	K0cFeu	Refused
Q3h2tz	frame	MyFJP	Ring
Q4IVKL	text	jORh1	Sample
Q4dIv	frame	CghNY	Slot
Q5h3D4	frame	rSXua	Dark
Q7QSA	text	ooLSq	Caption
Q7XVdZ	text	ufjrF	Easing
Q7etqB	ref	MOjd5	Amount
Q7f71d	text	mLkBj	Label
Q84sUD	ref	jQztn	Labelled
Q8wAo	frame	YYfKS	Section header
Q9Yhaw	frame	e71VkD	Cell
Q9k14l	frame	PWqHM	Slot
QB4nm	text	W08s6	Standfirst
QBR3e	frame	YH42V	Slot
QCoK4	text	Vbjgo	Cell
QDxug	frame	exiPr	Drawer
QETwn	frame	GMWHe	Account trigger
QF5ET	frame	e2I5jl	Chips
QF5QV	text	xhUan	Optional
QIl93	text	U3yp0	Label
QLL45	text	K7eXce	Label
QMA4I	frame	exiPr	Chart region
QMkdn	text	ab09l	focus
QMuXf	frame	vFRGA	comfortable
QPzIA	text	kT38g	Name
QSRAF	ref	YFtos	One month only
QSbw7	text	A3a0GA	Title
QTdhT	frame	K0cFeu	Shell 1920
QU4bL	frame	t9iqb	Account choice row
QX23P	frame	V3hOmK	type-size-amount-hero
QYJkI	text	ywJuo	Sample
QZUqg	ref	T0AJo	Sign out
Qa0bP	frame	SQnM1	Specimens
Qa3DX	ref	wUywT	Mark
Qbv8a	text	iTG7R	Name
Qckan	text	ndjUs	Caption
QgzJs	text	CmE1N	Sub
QiCa2	frame	c8oxje	Light
Qm9H6	frame	rbj6Q	First page
QmsFv	frame	oHETg	Section header
Qo3GB	frame	ZzVsy	Spec header
QpNMY	ref	G9143	plain read-only
QpSS4	frame	NbquU	Controls
QsOxq	text	gAP0W	Px
Qtesi	text	S0F5UA	Token
QuHSh	frame	dbQQ3	Slot
QxLFo	text	qTFMF	Name
QxTFl	text	Fny8k	Cell
QxlO8	frame	eEzVs	Amex has not synced in six days
Qy6xc	ref	EpRPP	Account
R0Clx	text	w8Iaf	Body
R0OxC0	frame	A0h48b	Body
R15Yib	text	ndIcN	Symbol
R1V9P	text	IsO26	Token
R3Bzrb	frame	ttoEX	Mark
R3JoO	frame	TAiP4	flat
R4NhoA	text	rnGLp	Cell
R53DB	frame	UtBdH	radius-md
R5BXse	frame	O8AR0	Pair
R5HZi	text	xVEJk	Token
R5obt	frame	FhlEn	Slot
R5wNy3	frame	w740u0	Spec header
R6AQD	text	Pr4zn	B
R6LrgK	text	wLGZd	Expense
R6irIV	text	Zn1aI	empty
R7O4b	frame	q4cZdR	md
R7qKBI	text	ap27B	B
R8QZCx	text	K8RxA	Name
R9yDBw	frame	fiwvj	Specimens
RA9ow	text	HwcW9	S
RApR9	frame	V3hOmK	type-size-heading-sm
RBiZo	ref	YS9nu	Badge info
RCtyA	frame	dBuVL	Bar
RDX4D	text	x7StGo	Key
RHcsy	text	qnITi	reached from
RHe01	frame	r5kED	Table
RHmbQ	text	Sm8Ip	Detail
RIAYp	text	FoAm3	S
RIBW5	frame	gGqYU	Cell
RKoEp	frame	o6VBbb	Body
RKy6i	frame	J1b63R	color-bg-elevated
RLbB1	frame	n40GIO	Head
RLuWL	text	odujP	Caption
RNCxD	text	L2n1og	Caption
RNLhB	frame	MLV3D	Using this library
RPn4R	text	DzJCR	Key
RQAhD	text	P9UHVm	Zone
RSNII	frame	YYfKS	Row
RV3dt	text	mh6GZ	Token
RWCDP	frame	XufDN	Slot
RZFrD	frame	GtsK3	Cell
Rlf8K	text	uURCP	Cell
RmBvN	text	uSqrS	Px
RmEus	text	GCEbT	Baseline
Rnmyh	frame	U46Dp	Merchant
RnpZH	frame	z4E7R	Category chip
RoSeR	text	pqbKi	Name
RpCNA	text	ZhCcQ	Label
RpU6o	text	x3lqx	Caption
RqAyy	frame	o0Tc2	Spacer
Rrzyd	frame	oHETg	device = compact
RwES2	text	suC6z	Token
RxvDb	frame	tq9k5	Task surfaces
Ryuvt	frame	rrht5	elevation-3
RzIsX	frame	svm4M	Values
S0F5UA	frame	J1b63R	color-bg-subtle
S0TjIa	ref	g02Vl	icon disabled
S0uP5	frame	bY2qv	States
S1QlJ	frame	uIv7S	Content
S1Xi5	frame	V0nSz	Spacer
S2qZm	text	ab09l	read-only
S4RlOZ	frame	vKEkQ	Head
S4jKck	frame	Z2ra6	Specimens
S4s3k	text	QmsFv	Sub
S6tEi	text	ZC239	Token
S7gvqS	text	hEXWR	Detail
S8pK7	frame	Az2IS	Light
S8rXFF	text	LTS3z	Token
S90q7D	text	Sm8Ip	Regime
S97osE	ref	XfOUZ	plain rest
S9Qtgj	ref	PQiOk	Close
SARJL	ref	nOW62	Search focus
SEiE2	frame	T8rPJ	Chips
SFEli	frame	vKEkQ	Global banner
SGZFo	ref	SLPuW	leading icon disabled
SGuA6	ref	MOjd5	Amount
SHcF6	frame	wedJ7	Light
SJcNc	frame	nWePx	Light
SLPuW	frame	hWY7j	Cell
SLt5C	frame	BIRbz	Bar
SM5u4	text	z3biO1	Label
SMESJ	frame	aQNEJ	Section header
SNRY5	frame	g5psOZ	Origin
SNhr7	text	Nq1uL	Text
SO7Ih	frame	E0R6of	Nav current
SONo0	text	LKVVZ	status
SOq2h	ref	BKn5o	Toast on brand
SQaV0	text	x6oHlX	A
SQnM1	frame	x7TE5Q	Label configuration
SUGM1	text	E3XyC	focus
SUICc	text	gbC1r	Cell
SUrkl	text	BeSB3	Label
SXl5G	frame	y9pR1n	Spec header
SY0JE	frame	LBKEu	Ring
SZZfP	icon	rEOk1	Check
Sa9iB	text	vdkhc	Label
ScXBW	frame	J4V9sk	info
ScZ01	text	H3YQR	V
Scmbg	text	XufDN	Caption
Se3DZ	frame	E6wdG6	Dark
Sm8Ip	frame	rE2VY	Ultra
SmdMu	frame	z4Xwy6	radio off
SnSJF	frame	FZOjp	Spec header
Sp4No	text	CHtFe	Label
Sp4yf	text	IbI8K	Caption
SpMHa	frame	zo0tV	Density tokens
SpMSd	text	qRXks	Token
SpUFW	frame	f9B9Tj	Slot
Sq36g	frame	nUx8s	elevation-2
SqYML	frame	U8oxbw	Row 3
SsZwv	frame	W9roE6	Spec header
St5fI	ref	gcfqt	leading icon focus
StOEB	text	W08s6	Eyebrow
StdFs	frame	PD8ug	Slot
SvE2S	frame	UuPuV	20 · ATOMS
SwhtR	frame	bu96G	Light
SxmSc	text	ETiRe	Title
Szvqr	frame	jyhhb	Feedback slot
T0AJo	frame	i6Lakn	Account menu
T0B02	frame	V3hOmK	type-size-body-sm
T1Ugny	frame	wy7Q8	x
T2BVr	text	vdkhc	Note
T2Bn1H	ellipse	RnpZH	Dot
T2H9bS	text	X55a7	B
T2YIk	frame	BEbyQ	current
T2vjsa	frame	t2zgEp	Spec header
T3OqN	ref	L0hfW	Notifications
T3jCb	text	ywJuo	Token
T4NsQ	text	Vs9Wt	Caption
T59ja2	text	znvlM	Label
T5LSVU	text	dx5qr	w
T6Bc2	frame	MFU8U	Toolbar
T6Uoa	ref	oGOaq	Level
T7WBC	text	oLSA5	Token
T84bQ	frame	U2jyBA	Orders
T8b7g	frame	nZIbb	Cell
T8eVBq	frame	vHJTa	Identity
T8rPJ	frame	V0nSz	color-amount-neutral
T90DdI	frame	FydMT	Spec header
TAiP4	frame	t2zgEp	Specimens
TBamg	frame	gy8qm	Search field
TCNOM	text	jEFOR	Note
TCZBs	frame	DOmZy	Secondary nav
TDcrs	frame	nUx8s	elevation-3
TEEas	text	DmX3u	Label
TEgln	text	K8RxA	Contract
TEx4J	text	t1hnAR	Duration
TFtyP	text	eDQx3	Exclusion
THRZB	frame	n4QxIB	Panel spacer 2
TK3LJ	text	c52CQ	Value
TKqzi	frame	EJBTW	Spec header
TMIwp	text	U8eHdD	Caption
TNjgl	ref	y0Xgc	Empty filtered
TNxt8	ref	N61AT	currency affix read-only
TQljT	frame	CkB7x	monospace value
TTegw	frame	U7s5e	Light
TThgH	text	PviJn	Merchant
TU809	text	mnDeI	active
TVqlB	icon	rEOk1	Icon
TapRj	text	A3a0GA	Eyebrow
Te7r5	text	gUpCw	Name
TepVR	text	pHSdl	Px
TfFSC	frame	yPdmm	Body
TfuFW	frame	NTrH6	Ring
TgMUN	frame	qzvC1	dark
ThgLN	frame	iEzP7	Money
Tj6Fh	text	Y2H0CS	Amount
TkMKw	text	CtsNw	Label
Tm90f	frame	cfpvZ	Top
TnQUE	text	neAeS	Category
TqHVR	frame	GWbdn	Light
Tr38o	frame	IbI8K	Transactions / Compact 390
TrhVP	frame	FOaFA	Cell
TtLfm	text	tguBS	Label
Ttx34	frame	oHETg	Ultra note
Tu1lT	frame	FxOSG	Slot
TuK25	frame	Fj8vC	Spec header
Tv4pz	icon	Ogizy	Icon
TvBgN	ref	Fn7wq	destructive hover
TwDmI	text	KQbIe	Category
TzZlK	text	SnSJF	Name
U06DUi	text	X1uXU6	Cell
U0Piyd	frame	r5mphL	Section header
U1yep4	ref	JuKW8	icon focus
U2jyBA	frame	IbI8K	Focus order
U2vv9	frame	w5Y7SS	Labelled
U3Kpf	frame	YuWbu	Slot
U3Tzr	frame	-	90 · QA
U3yp0	frame	yHyfV	selected first
U46Dp	frame	wUZZy	Row 4
U4vpT	frame	GbIrM	Slot
U55TI	ref	H4YfEy	Icon button ellipsis
U5A3f	text	N44LX	Name
U5GuDg	frame	TrhVP	Input
U5JTi1	frame	T84bQ	Compact 320 and 390
U6Vvpe	frame	epZVa	Ring
U7s5e	frame	xSfCx	Chips
U7tTsd	text	zv5ci	Eyebrow
U8eHdD	frame	i37OxU	Tab form
U8oxbw	frame	QMuXf	Table
UA9nM	text	sdiaw	Value
UABs6	ref	hyOsd	Focused
UCVHe	ref	s2VNo8	App header
UDCkT	frame	K0cFeu	Shell 1440
UDPEx	text	L4bVT	Current
UEy2Z	frame	W3LkP	Checkbox
UGmgz	frame	fUt2o	Ledger
UHPr3	text	K0cFeu	Caption
UHtqT	frame	UuPuV	30 · MOLECULES
UIlcA	text	rptWw	Token
UJKx9	frame	G48NsR	Head
ULD4L	ref	eRRk1	Toast on brand
ULWl4	frame	U6Vvpe	Button
ULzBq	frame	Rrzyd	Controls
UNWKw	frame	IbI8K	Transactions / Medium 1024
UOwin	frame	pEybE	Spec header
UQuEq	frame	iEzP7	Gradient and texture
UQuP2	frame	G5PWrR	Sidebar
USPm2	frame	U5GuDg	Suffix
UTFXt	frame	VRveh	Sidebar
UVBS6	text	EVM2r	Detail
UW1Dv	ref	KwSDi	Disabled
UYguo	frame	MGBxU	motion-ease-exit
UZFjt	ref	tjq6w	Tab Net worth
Uae0I	text	ElPwS	Label
UcHC4	ref	yEhxM	focus
UeM47	frame	MFU8U	Footer
UesTs	frame	gGqYU	Cell
UesgU	frame	RKy6i	Chips
UgCMz	text	j9MzJ8	Note
UgmTN	text	g0IjA	Value
UiQMF	text	pACqU	Why
Un1ik	frame	l873S	Chips
UoFo2	text	RLbB1	hover
UpGNR	frame	IF1EM	Spec header
UpJrx	text	pqbKi	Contract
UqYSS	frame	MLV3D	Navigation depth
UqZYL	frame	e71VkD	Cell
UsEil	frame	Z9Dpm	Main
UtBdH	frame	r5mphL	Scale
UtaeJ	text	sZAsV	Contract
UuLOO	frame	U3Tzr	Button
UuPuV	frame	fy2sJ	ZONES
UwIJm	text	NKnBB	Amount
UwIRb	frame	L2n1og	Sidebar nav/rail
UwRqI	ref	G3nMm	Density
UyM7m	text	YkSdu	Px
V0nSz	frame	ThgLN	Row
V2zpOv	text	vVN9R	Device
V3OGqk	frame	gZzJS	States
V3Q6ij	text	r5qjc	T
V3QIh	rectangle	uBzdd	Bar
V3hOmK	frame	XAa5Z	Scale
V3phj	frame	k3pMJz	Spec header
V3uCY	rectangle	rl3Y7	Step 2
V3xNd	ref	wy6pY	Confirm
V4CjF0	text	rWTSP	N
V4Np5	text	Biuvp	Merchant
V4ROJz	text	sbUlw	Note
V4XXLn	frame	pn0Xe	Body
V4drpy	text	TQljT	Caption
V5so0p	text	hbe4Q	Title
V640ER	text	x0R8u	Caption
V6Wr1o	frame	iEzP7	Surfaces
V8DWxi	text	U46Dp	Date
V8wBF	text	GRRZ1	Key
VAP32	ref	w5V8d	Previous
VASPn	text	n4QxIB	Panel headline
VBd4H	frame	vuzig	Slot
VE2z9	frame	C9PreI	Ledger row
VGEvI	text	lFZJj	N
VJheT	frame	EfEGZ	Spec header
VL8xV	text	GIvxq	Token
VLC6c	text	hj9od	B
VMcmo	text	cfpvZ	Specimen
VNUj2	text	GCEbT	Heading
VOLdR	frame	UwIRb	Divider
VOgHO	frame	wUZZy	Row 1
VPlJt	frame	NqSIc	large
VPu0n	frame	jvZhP	Slot
VRveh	frame	K0cFeu	Shell 1920
VS580	frame	jsW9M	color-bg-disabled
VTcO9	frame	QDxug	Specimens
VUOd7	frame	iG22T	Cell
VVeUy	text	sePpv	Label
VWt5A	ref	o6VBbb	Page header
VYkEX	frame	oNyVa	Specimens
VZmoP	ref	AFLfP	Amount
Vbjgo	frame	RHe01	Row
VcjRy	rectangle	F0IDW	Bar
Vi1Ll	text	xSfCx	Role
ViecT	text	Vp7Vk	Easing
Vj5zA	frame	Wagnk	Cell
Vjqoc	frame	fiQof	rest
VkJJl	frame	o0Tc2	Co-owner
VkTAJ	frame	W1VoyO	Nav current
Vl9Xo	text	R3JoO	Caption
Vp7Vk	frame	WopsQ	hover, focus ring
Vq5vj	text	Y2H0CS	Label
VqSeL	frame	R3JoO	Slot
VrNmt	text	rxV8e	Name
VrvQg	frame	CqsXh	Main
Vs9Wt	frame	o2yc8A	Chart area
VsBO4	frame	tRBKM	Slot
VvdYX	ref	vq3nS	checkbox on rest
VxCZI	frame	C1M5zg	Amount
Vyehp	text	U5JTi1	Title
VzB0n	text	tq9k5	Heading
W08s6	frame	MLV3D	Masthead
W1IiR8	frame	LmEqT	Light
W1VoyO	frame	kCbD9	Controls
W1oDdF	frame	dBuVL	Bar
W1u0pH	ref	EyeSN	Form field
W2W7jv	text	YkSdu	Token
W2fEd	frame	vKEkQ	Field error
W2gOKx	frame	MTcjE	Button
W31Pk	text	SMESJ	Sub
W3LkP	frame	j11Ns9	Slot
W3sEe	frame	yhPTP	Body
W4cIE8	ref	q7dY7c	Sidebar nav
W4g60S	text	inUf3	Token
W4jV16	frame	zST8l	focus-ring-color
W4zam	text	YlD0Y	Px
W5Fq3e	ref	YwS18	Row
W8V14	frame	fqrrY	Step indicator
W8cpN	text	zfSRK	Sample
W8eWD	text	gf2zB	Name
W8ig0	frame	VPu0n	Month scrubber
W9roE6	frame	C1M5zg	Column alignment proof
WBbGh	text	PeH40	Label
WE7X3	text	VOgHO	Date
WEr0u	frame	z3biO1	Cell
WFSg5	frame	x3lqx	Notice
WHW15	frame	LmEqT	Dark
WIDMt	text	GGMbO	Name
WIXtr	text	w5ZouR	Title
WL4v2	text	in1eg	Title
WLXEy	text	e5kP5q	Title
WLzeP	ref	vcb7d	Search
WMlvF	frame	IbI8K	Signed-in landing / rail
WRwWX	frame	UqYSS	Worked
WSBXa	frame	qdjKp	Dialog
WU9Ef	frame	RxvDb	Table
WUkVx	text	puzxj	Duration
WUl9m	frame	niicJ	Row
WWJu4	text	pEGZm	Name
WX4ue	text	Pht3l	best when
WYGqI	text	rptWw	Role
WYTGa	ref	DvJKz	Button md
WYrqU	text	oweC0	Value
WaS7D	text	F9KwSQ	A
Wagnk	frame	jalb0	text
WdYIK	text	xlHHF	Label
WhbZ4	frame	L1EDSQ	Light
WihqY	text	maK4f	Contract
WjDn9	text	wy6pY	Label
WjbJc	frame	eNmA6	plain
WjcyJ	frame	C1M5zg	Icon button glyph set
Wk2i2	frame	sPqSC	Pair
Wkq1r	text	oncLV	C
WleVK	text	dHJQy	Note
WmFs8	text	DolIh	Family
Wo80J	ref	uJ38P	primary hover
WopsQ	frame	OcMMC	Inventory
WpEhT	ref	P7u4j	Icon button x
Wq7QG	frame	qzvC1	light
WrQEK	ref	Tr38o	Page header
Wrisz	text	Au3NA	D
Wrr9y	ref	HodlM	Newer
Wsz2o	text	XuxEx	Title
Wt0cD	ref	pu6qZ	App bar
WtWrj	frame	dDmP2	Cell
WtsmM	text	Loebp	Category
Wvmzb	text	ZazNV	disabled
WzujU	text	pV01n	Note
X1EJcz	frame	jHsmR	Chips
X1hVND	text	h2plMS	C
X1uXU6	frame	RHe01	Row
X1z44	text	fTBMh	Label
X2uIw	frame	eEzVs	Deleting a reconciled transaction
X55a7	frame	eEzVs	Suspected duplicate
X6GnPU	frame	nUx8s	flat
X77fCK	frame	exiPr	Bottom nav
X7dsUM	ref	VsBO4	icon active
X8aKw	text	XCEta	Token
X8lN4	text	XtcZM	Title
X91ry	text	ldSnK	Name
X9DF7	frame	tqiBA	Card area
X9Dos	text	PFeq6	Name
X9aF0Z	frame	fyK4F	Input/search
X9byY	text	n1vpYc	Contract
XAT41	text	T0AJo	Group
XAa5Z	frame	iEzP7	Typography
XC9S1	frame	ZWm2a	dark
XCEta	frame	KNLdL	color-feedback-success
XD62a	ref	MWpS5	Amount
XITEo	text	uYAJw	Role
XIXqn	rectangle	YlD0Y	Bar
XK4tC	text	rmqac	c1
XKCZt	text	MJgsQ	Name
XNKYM	frame	gy8qm	Bank row
XRxB7	frame	Z2ra6	Spec header
XTIui	text	z9kMyP	A
XUJ8Z	text	ZOHIE	Key
XVm97	frame	wOvw8	Matrix
XY28Q	rectangle	rl3Y7	Step 1
XYEan	frame	iEzP7	Focus
XZRgH	rectangle	VOLdR	Rule
XZZce	text	V4XXLn	D
XajtY	text	zv5ci	Note
XbGfM	text	y7APpK	Token
XdHk1	frame	Eelod	Specimens
XfOUZ	frame	WjbJc	Cell
XfVTd	text	IWE8J	Label
Xgw4V	text	HRHUF	Label
XhY5S	text	LTS3z	Role
Xieoj	frame	teAKi	Section header
XmJKH	text	PviJn	Date
XofMb	text	b2GxUH	Why
Xrr7I	text	K0cFeu	H1
XtMnH	text	DBWSq	easing
XtcZM	frame	KkV2T	Tool limitation
XufDN	frame	CkB7x	prefix and code
XuxEx	frame	T84bQ	Wide 1440 · shell
XvVUr	frame	X77fCK	Specimens
Y0CDm	ref	mrav1	Save
Y0xeDY	text	ULWl4	Label
Y2H0CS	frame	i3DPb	Row
Y2T2c	frame	QpSS4	lg
Y3m2F	text	Vbjgo	Cell
Y4GJJa	text	UYguo	Value
Y4rgLr	frame	O1sfhh	Cell
Y52ER	frame	BO7HN	Merchant
Y5WVc	text	nm2Ex	Caption
Y5dY5b	text	L4bVT	Crumb
Y68ct	text	oyNMu	Q
Y6ND3	ref	Zg3Us	Mine
Y6vtv	frame	T2YIk	dark
Y7WyoQ	ref	h2zX3W	ghost disabled
Y83QP	ref	lhyOY	Menu selected
Y9Crx	ref	n7iV7P	Notice
Y9vPtm	frame	L6dXOi	space-12
Y9zNY	frame	ZWm2a	light
YBQ71	frame	YM2Da	Ledger row
YCDI4	frame	SNRY5	Housing
YCmiN	rectangle	O2iP3	Bar
YFN3i	text	SpMHa	Title
YFWtK	text	CSIlr	Name
YFtos	frame	m8Tyd	Slot
YG0ss	frame	wUZZy	Row 0
YH42V	frame	CkB7x	value
YHA3V	frame	VTcO9	Page behind
YHgv2	text	SnSJF	Contract
YIyFf	text	vhWat	Note
YJhKZ	text	EAKJN	Name
YKiLb	text	iDyjp	Title
YM2Da	frame	lUzxR	Compact
YNG8p	text	pzKYo	Cell
YNGTY	frame	dBuVL	Bar
YOjsk	text	IbI8K	Caption
YS9nu	frame	ScXBW	Slot
YTkbE	text	pCmru	C
YUBCT	frame	b4LHWY	Ring
YYfKS	frame	iEzP7	Feedback
YafSn	frame	QpSS4	md
Yb2t2	rectangle	suC6z	Box
YcqTt	text	xgBmi	Name
Ye7rm	frame	U8oxbw	Row 0
YhNBY	ref	MShYc	Tab disabled
YkSdu	frame	L6dXOi	space-3
YlD0Y	frame	L6dXOi	space-4
YlOVs	frame	ykuW2	Spacer
YnV7h	text	e7EaEG	Role
Yp2qJ	text	oGNxe	Role
YpDNp	frame	nLmen	5
Yprez	frame	WRwWX	An account's transactions
YrxXI	text	N44LX	Category
Yt1rq	frame	FjKpJ	Density control
YuWbu	frame	hSotM	Cell
YwS18	frame	MFU8U	Rows
YwV8L	text	HRHUF	Amount
YwY17	ref	vmzQx	mixed hover
YwlA6	frame	KNLdL	color-feedback-error-bg
Yx8PK	text	FoAm3	D
YxMJh	text	Jvikh	Category
Yz20X	frame	i0PVTt	LIST REGION SLOT
Z1GGb	text	ap27B	A
Z2oYAy	frame	h3LbFj	Avatar
Z2r4N	text	rZBBy	Sub
Z2ra6	frame	gy8qm	Month scrubber
Z31eK	ref	T0AJo	Compact
Z3LArW	text	j4Cba7	Context
Z3LdlL	frame	n7pVT1	Cell
Z3NX6a	text	Pqsv5	Px
Z3NvbY	frame	B3u9pi	Cell
Z53faY	frame	Zg3Us	Identity
Z56Iiu	frame	C1M5zg	Input state and configuration conflicts
Z5ONBF	text	eju3T	Title
Z6S6DN	frame	e0JfP	Option C
Z6c3I	frame	hiKHZ	Cell
Z6h5a	text	t1hnAR	Why
Z6xrE	frame	M8KRsw	Spending by month
Z7vVa	text	chid7	Note
Z9Dpm	frame	IbI8K	Settings / Ultra 1920
Z9ZHPg	frame	AWymE	Merchant
ZA4B8	frame	w5Y7SS	In shell
ZAD95	text	UuPuV	Heading
ZC239	frame	MGBxU	motion-ease-standard
ZCRDb	frame	N2gF4	Sections
ZCxlK	frame	B9tsQ	Slot
ZDesI	text	g1Fw5	Date
ZEgNg	rectangle	p4eSI	Box
ZEhgM	text	SQnM1	Title
ZFuwl	frame	foAWP	Slot
ZGLPI	frame	SqYML	Merchant
ZGjOf	frame	w2dD5j	Slot
ZHVU9	text	kIROx	read-only
ZM1Oj	frame	XNKYM	Origin
ZN3nC	frame	JcOFm	sm
ZNvPY	ref	xWHJK	Menu hover
ZOHIE	frame	G3TEI8	layout-header-height
ZQEUb	text	t1hnAR	What
ZQScB	text	rWTSP	S
ZRCL1	text	w7S1xF	A
ZWm2a	frame	BEbyQ	vivid
ZWqNy	text	zV9E9	Contract
ZXZB2	text	PQiOk	Title
ZXnVr	frame	niicJ	Row
ZYKs1	frame	aA7RE	H date
ZYZcL	frame	ykuW2	Spacer
ZYtd1	text	iu4r6	Value
ZazNV	frame	jalb0	Head
Zc7XG	frame	nLmen	2
ZdPhc	frame	e5kP5q	Table
ZeTm8	text	KOC57	A
Zg3Us	frame	QU4bL	Account
ZhCcQ	frame	QpSS4	sm
ZhQsb	text	zNM35	Contract
ZimXV	ref	EaIMm	Month
ZkUMv	frame	dOlDf	Content column
ZmYiW	text	w3fR5o	P
Zn1aI	frame	Q1wrx	Head
ZpGH4	ref	eWCcX	Collapse
ZqQ4S	text	SNRY5	Caption
ZqvlH	ref	N4Uaxi	input focus
ZsI2p	frame	XAa5Z	IBM Plex Mono
ZsPCe	text	HlRZX	Range
ZvR7M	text	jHsmR	Token
ZxLvm	text	qmc0a	Context
ZzVsy	frame	C1M5zg	Input configuration
a0U8Ip	frame	xIPZv	light
a1dmeY	frame	yyPXL	SOURCE OF TRUTH
a1hPK	text	Vbjgo	Cell
a2EC2	text	YpDNp	N
a2XDV	frame	Ldl4w	Chips
a3KpB0	text	qnITi	route
a3PGP	text	h9TVh	Message
a3U13q	text	T2vjsa	Contract
a3i4X3	ref	Tu1lT	Button lg
a3rmr	frame	w242m	Spec header
a4aKvy	text	GIvxq	Value
a5COBf	ref	fPb3G	Row
a5KRX	ref	t4XTD	Page header
a5fwY2	text	H3YQR	R
a73m3	ref	TfFSC	Secondary nav
a7Cr1y	frame	bGgx4	Chips
a7jMO	text	pn0Xe	A
a9iQ0B	frame	JXWNv	Ring
a9mpu	ref	UwIRb	Settings
aA7RE	frame	MFU8U	Header
aBEYB	frame	Z6c3I	Slot
aBb94	text	g9Awyx	Caption
aGqmC	ref	MQgU7	radio on disabled
aKDCk	text	ui8Iz	Note
aKh8H	text	qRXks	Px
aKuzD	text	nMWtn	T
aMVRV	frame	jc4ec	Cell
aQNEJ	frame	iEzP7	Text
aRtII	text	y7APpK	Role
aRx3U	text	x3lqx	Caption
aSiHB	frame	Y9zNY	Controls
aSpLx	frame	lHGlp	Slot
aU5aQ	text	G3TEI8	Title
aWLIy	ref	hgGS2	Row
aWi4T	text	kfa2T	focus
aWjWP	ref	TfuFW	switch off focus
aX85H	text	GGFDy	Caption
aXfoY	frame	ykuW2	color-bg-inverse
aYfYk	ref	o85UCF	ghost
ab09l	frame	eNmA6	Head
acd4i	text	KkV2T	Heading
adGwV	frame	WopsQ	row press
aek9J	frame	SEiE2	Dark
aexbf	frame	n3pCi	Slot
aiiUC	frame	fwKnX	Brand
aivYO	frame	unWvr	Spec header
ajbsd	text	AWymE	Date
ap27B	frame	PPrJ7	Notice actions
apQff	text	FJMXV	Caption
aqJUd	text	xeX08	Name
arEQw	text	mnDeI	Corner
arbTx	ref	Q00Pd	rest
atEkR	text	g5psOZ	Note
avJXc	text	ySkbX	c2
awLat	frame	jKGHo	hero
b0EY2c	ref	dMQD6	Form field
b0eXZ	rectangle	gAP0W	Box
b0kzVX	text	ZsI2p	Specimen
b1kPc1	ref	eHbff	ghost rest
b2025	frame	eEzVs	Typed 84.2O in an amount
b27obD	text	ZGLPI	Name
b2GxUH	frame	WopsQ	page transition
b2Ogk	frame	DEVBi	Adjacency
b2oOBN	text	jORh1	Token
b3KPyt	ref	JYlII	icon rest
b3MTx	frame	NKnsy	Bottom nav
b4LHWY	frame	fDv32	Cell
b6mWtV	text	Kqqag	Token
b81J3	frame	e0JfP	Option A
b86jLx	text	CgwUL	Contract
b8F0dZ	text	mKiuh	Name
b95ejQ	frame	r1goa	Body
b9G04	text	bGgx4	Role
b9Py5	text	K0xq8Z	Role
b9v3pB	frame	BCTrj	Spec header
bA5Mx	ref	hStzj	radio on rest
bAHrn	frame	eEzVs	A transaction is pending at the bank
bCCBA	frame	O1sfhh	Cell
bD3o6	frame	LQLd5	Slot
bFdSt	text	iTG7R	Note
bG14N	ref	V3OGqk	The bank named nobody
bGgx4	frame	f0q8O5	color-chart-6
bN8Lp	ref	I5QZb6	destructive active
bQaTk	frame	C1M5zg	Button size and configuration
bQqU6	frame	dBuVL	Bar
bRhru	text	oncLV	B
bRlaM	frame	dBuVL	Bar
bS20y	ref	Q4dIv	icon hover
bS5wc	frame	lymRM	Cell
bSpO2	ref	l8uV6	Row
bU8Rq	text	Ryuvt	Label
bUUAo	ref	PXyZG	icon disabled
bUkUR	frame	E6wdG6	Light
bWpQ3	frame	c9hvt	Slot
bY2qv	frame	wUSMd	Specimens
bYBj7	text	gDcrz	Value
bc95w	text	uediR	Role
bhLwF	ref	EpRPP	Brand
bkhry	text	gST7K	Zone
bl1IK	frame	ZkUMv	CONTENT SLOT
bmWMq	frame	exiPr	Feedback surfaces
bmf3i	frame	IGbQe	Main
boGhP	text	rEGOo	Label
boHYN	frame	CkB7x	with icon
bpXkg	text	Ttx34	Note
bqnp1	frame	f0q8O5	color-chart-4
brJbg	icon	jS7xJ	Check
bu96G	frame	aXfoY	Chips
buNKk	frame	F4jrIw	Cell
bwH8r	text	AAB56	Name
bxW3P	text	APXCe	What
byJEK	text	hNVtf	Regime
c0KNJ	text	y98B6	Note
c0WUBn	text	GMHfh	C
c16KV	text	ZCRDb	Label
c1TFr	frame	wCFlW	Light
c1vQsU	frame	eFGuB	Slot
c2TIc	text	e3lhTw	Note
c33pik	text	S0F5UA	Role
c3k4L3	text	B1oanp	Token
c4PyP	rectangle	qRXks	Bar
c4zUT	frame	J7yDc	Dark
c52CQ	frame	G3TEI8	layout-inspector-width
c7MinG	text	JUnk1	Note
c7PjG	frame	rE2VY	Wide
c8oxje	frame	iaH1D	Chips
c9RANk	text	A1aug9	C
c9hvt	frame	B3u9pi	Cell
c9qWwq	text	Lplbc	Cell
cAJ3T	text	Q8wAo	Name
cAh8T	ref	x3lqx	Notice toast
cD5r6	text	daoOh	Note
cDMfa	text	rLUpH	Note
cG9a5	frame	zqj9c	Reach for a preset first
cGAD8	text	e3lhTw	Title
cIVS2	ref	MWpS5	Amount
cNwzZ	text	GMHfh	B
cOOyM	text	Vp7Vk	Why
cPq1t	frame	gJtKG	Message row
cU3n4	frame	vTf2q	Cell
cWBZt	frame	UqYSS	Consequences
cYgeX	text	f7T4G	Name
caQR0	frame	Y6vtv	Controls
cd3EN	frame	oweC0	Delta
cdeIK	ref	VqSeL	Tile flat
cdxoP	text	jH3QI	Token
ceQVH	text	c7PjG	Detail
cfkK0	frame	b3MTx	Tab
cfpvZ	frame	XAa5Z	Schibsted Grotesk
chid7	frame	RKoEp	CONTENT SLOT
ciGdg	frame	exiPr	App header
ckRYG	ref	fKeiv	Selected first
cle5a	ref	KLRcC	switch on hover
cmreK	text	MHfgv	Role
cpGC3	text	U0Piyd	Sub
cucOn	text	C6Kyk	Merchant
cukpR	ref	AFLfP	Amount
cwgqm	text	a3rmr	Name
cwrhF	frame	XC9S1	Controls
cxbxG	frame	I7YAkd	Controls
cy8PN	text	C5czi	Q
cyMbd	path	R3Bzrb	Letter
czdLg	text	Pht3l	surface
d0MMWL	text	cG9a5	T
d0QN6H	text	ntho9	Name
d0TMa	text	HJ9dt	B
d0Z3q	text	suC6z	Px
d0eDYj	ref	uC4nV	Breadcrumbs
d0tHEY	text	FguRX	Label
d1Vps	text	xTeCh	Name
d2HxS	text	t8NDiS	Value
d2cbo1	text	K0cFeu	Caption
d38Ht	frame	mjYF8	Cell
d5mZT	frame	y7APpK	Chips
d5x0N	frame	rSXua	Light
d76zt	frame	rWVYD	light
d7ywrm	text	CXST9	N
d8enB	text	F1PbO	Label
d9PrGQ	text	QX23P	Sample
d9sbwt	text	Ye7rm	Amount
d9yZil	ref	ft9RY	Notice
dBuVL	frame	Vs9Wt	Area fill
dCKhF	ref	ZFuwl	icon active
dDmP2	frame	EJBTW	Specimens
dHJQy	frame	FydMT	Specimens
dHzDj	ref	UwIRb	Reports
dI8mH	text	NKwSM	Name
dIMMo	text	gBOkv	Title
dJSqj	text	w2dD5j	Caption
dMQD6	frame	Wagnk	Cell
dNKFx	text	RxvDb	Note
dOf5n	text	vDmQU	Title
dOlDf	frame	UsEil	Body
dQ0Sw	text	kHcEf	B
dQerN	text	bqnp1	Token
dRx5C	text	cwrhF	Link
dRywL	ref	MOjd5	Amount
dSQg2	text	ufjrF	Why
dSnD3	text	uSqrS	Token
dVQPq	text	U46Dp	Amount
dVgmx	text	E3XyC	Corner
dXF8A	frame	jjwW3	Cell
dXXwj	text	YH42V	Caption
dY2xd	text	pACqU	Duration
dYG7b	frame	u6KZf	color-border-subtle
dZ7e2	frame	sglN2	Slot
daoOh	frame	tqlYe	CONTENT SLOT
dbQQ3	frame	wy7Q8	download
dcUAV	text	VJheT	Contract
dcjSw	ellipse	iyeM0	Dot
dcsRs	text	rEOk1	Trailing
dfZGu	text	xod4a	Label
dgdUO	frame	x8FJdc	Section header
di2zd	frame	dBuVL	Bar
dk1Tp	text	kVRdr	Caption
dkPln	text	zNsCZ	Role
dlgE0	text	gGTIr	Role
dlszI	text	AWr0y	Note
do3kd	ref	K3rYZx	input error
dx5qr	frame	caQR0	Brand tile
e05Zz	text	NKnBB	Date
e0JfP	frame	Fa6Dl	Segmented control
e0gDyC	text	K0cFeu	H2
e0gLdk	text	n7pVT1	Note
e0sOdw	text	K6fq7	w
e0t45q	icon	w5ZouR	Icon
e163z	frame	lUzxR	Spec header
e2I5jl	frame	u6KZf	color-border-default
e2tOCu	frame	C4rqN	Light
e3EKJs	text	gbC1r	Cell
e3Gcms	ref	k97wd2	Reduced motion
e3IubQ	text	GmmQz	Token
e3YgOW	frame	qERjH	Wide and pointer
e3i8ee	text	e5srUU	Contract
e3lhTw	frame	gy8qm	Header
e3twX	text	iY3lK	Name
e3xPo	ref	uxJMI	Badge success
e4Rvkx	frame	HXYCc	color-accent-subtle
e4fVLT	text	YHA3V	Caption
e4vGdz	text	Yprez	V
e5DXXj	ref	r9ngy0	rest
e5QGg	frame	VxCZI	Specimens
e5kP5q	frame	IbI8K	What is contract and what is illustration
e5srUU	frame	x7TE5Q	Spec header
e6ysaI	text	JmuY6	Label
e71VkD	frame	eNmA6	currency affix
e7EaEG	frame	KNLdL	color-feedback-error
e7KyL	text	jEFOR	Name
e7VN6A	text	vo2Od	A
e7o7M	frame	ZdPhc	Destination names
e8ehZ	ref	IEmHS	mixed disabled
e9JS0V	ref	fwKnX	Budgets
e9XDwa	text	IbI8K	Caption
eBKRC	ref	EaIMm	Month
eCJ7M	text	K0cFeu	Caption
eCz1k	frame	exiPr	Sidebar nav
eDQx3	frame	Z56Iiu	What the matrix decides
eDrQa	ref	E4HHc	ghost focus
eEzVs	frame	oEg6v	Examples
eFBbQ	text	bAHrn	A
eFGuB	frame	B3u9pi	Cell
eFa03	text	eRRk1	Caption
eG73v	text	iiEvV	Cell
eHbff	frame	GtsK3	Cell
eLd70	text	A7CI5b	Value
eNmA6	frame	Z56Iiu	Matrix
eQdLT	text	VJheT	Name
eRRk1	frame	Glxte	On the balance card
eSkIX	ref	G5oyVc	Sheet
eSujL	ref	vGjfy	Mark
eTmF8	text	F0IDW	Px
eUAgC	text	mpiJb	situation
eWCcX	frame	fwKnX	Footer
eXiAa	text	vuzig	Caption
eYohj	text	k3Op9	Sep
ecktI	text	GmmQz	Role
ef0Tc	text	hXjrn	Value
egfCw	text	T8eVBq	Name
ejSUV	text	iitQw	Caption
eju3T	frame	WFSg5	Body
epZVa	frame	P1Q2V	dark
erVdH	ref	f1mHBI	Last step
eswr2	text	pIXZq	Token
exiPr	frame	-	40 · ORGANISMS
ey50Y	text	r0ZDLg	Contract
eykQg	frame	XdHk1	List scaffold / Wide
ezt98	text	c7PjG	Regime
ezwnf	frame	uLTUj	Light
f0Bt9N	frame	BJ3YK	Chips
f0Dwpx	text	DWhVh	Q
f0q8O5	frame	A6a36	Row
f1cOy4	text	rZBBy	Name
f1dDe	text	Z9ZHPg	Category
f1mHBI	frame	WtWrj	Slot
f2qgFi	ref	GLpmL	Page header
f2wV1a	text	qakyO	C
f3r0d	ref	n4QxIB	Brand
f6e0wb	text	rXjPl	Amount
f7T4G	frame	YG0ss	Merchant
f7zYn	ref	hHYs5	Mark
f8ARQ	text	b2Ogk	Income
f8Csue	text	DzUdS	Label
f8mtv	text	pFetM	Note
f9B9Tj	frame	lWCc2	account trigger · rail
f9C06l	ref	xUVOb	switch on rest
f9MbVH	text	L4beb	Caption
f9Z2sS	ref	AFLfP	Amount
f9btQj	text	IQbb3	Cell
f9dZlt	text	C5czi	D
fAWh4	text	gbC1r	Cell
fB537	text	PD8ug	Caption
fBB1b	text	u1YNTF	Cell
fCQ0p	text	LNxG0	Note
fCiSb	text	r5qjc	B
fDv32	frame	OxBK3	tab
fKeiv	frame	U3yp0	Cell
fLBJN	text	w6eXK	Category
fNujQ	text	A5emeX	P
fPXrL	frame	Jlt5Z	focus
fPb3G	frame	vQMh5	Ledger
fRlDt	text	U3yp0	Note
fTBMh	frame	QTdhT	Content
fTIdB	frame	C1M5zg	Segmented control
fUt2o	frame	rWVYD	dark
fVey7	text	rXjPl	Merchant
fWMKW	text	oGOaq	Who
fWvKG	text	rWTSP	W
fXByH	text	G66ae	Note
fY5mY	frame	X1EJcz	Dark
fbHKG	frame	l2Tw8Y	Light
fdyCD	frame	xvW5I	Slot
fdzVC	frame	ZdPhc	Region structure
fe0QE	text	rE2VY	Shell
feLeR	ref	H0APd	Sidebar
ffdzY	text	LKVVZ	what an implementer should do
fiQof	frame	XNKYM	Matrix
fiwvj	frame	exiPr	Table region
fjFhH	text	VS580	Token
fjMLy	ref	hgGS2	Row
fjdMu	text	v0O4QF	Role
fkg87	ref	v88Q3	input hover
foAWP	frame	nsi3x	Cell
foiYU	frame	WopsQ	skeleton shimmer
fqrrY	frame	uIIGD	Slot
fsycE	ref	UwIRb	Expand
ft2yE	frame	r2J1JC	Cell
ft9RY	frame	w8Iaf	Result slot
ftWel	text	wmU0Q	Note
fvSyx	text	x8GA9V	Label
fwKnX	frame	U2vv9	Sidebar nav
fy2sJ	frame	nggNl	Left
fyK4F	frame	IrseR	Slot
g02Vl	frame	sjIaa	Slot
g0HWMH	frame	FK0ct	Body
g0IjA	frame	SpMHa	density-row-min-touch
g0n2I	ref	UNWKw	Sidebar rail
g16O5	ref	vHJTa	Badge
g1Fw5	frame	wUZZy	Row 3
g1efk1	icon	WFSg5	Icon
g1tBHA	frame	rGD11	Slot
g3EpL	frame	nYFoK	Cell
g3MInt	text	klRge	Body
g3sKkm	text	mxZqy	Contract
g4yvP	frame	Onn81	Specimens
g5His	text	jyhhb	Body
g5lH0	text	O2iP3	Value
g5psOZ	frame	qERjH	Compact device
g5q8hU	ref	dXF8A	primary active
g6Cot	text	uBzdd	Value
g6xB9s	frame	G3TEI8	layout-section-gap
g8N1nz	text	kLtAQ	Name
g8mITS	ref	pTxtS	icon hover
g9AtG	ref	oVoOj	Field
g9Awyx	frame	op50O	multi-currency
g9gD3n	rectangle	uSqrS	Bar
gAP0W	frame	UtBdH	radius-control
gBOkv	frame	ojYDS	Rule
gBY4r	text	SFEli	N
gDcrz	frame	G3TEI8	layout-content-max
gEToz	text	SFEli	D
gFyRw	frame	Qa0bP	required
gG1DZ	ref	PZOoK	checkbox off focus
gGTIr	frame	J1b63R	color-bg-surface
gGqYU	frame	z4Xwy6	checkbox mixed
gHGnM	frame	zqj9c	Presets wrap, they do not copy
gIimY	frame	fTIdB	Origin
gJtKG	frame	Vj5zA	Form field
gLOoI	frame	Y4rgLr	Slot
gNAfU	text	qjvsu	Px
gNqYk	text	uAYih	Label
gOC0z	text	x6oHlX	R
gST7K	frame	UuPuV	40 · ORGANISMS
gSnyt	text	G66ae	Title
gUpCw	frame	qERjH	Spec header
gVYNt	text	lQif8	Cell
gW1CT	text	kfa2T	rest
gXYEF	text	W2fEd	S
gXYsM	text	zfSRK	Token
gXjT0	text	dgdUO	Name
gZzJS	frame	yBRDP	Specimens
gbC1r	frame	RHe01	Row
gbMe3	ref	UwIRb	Accounts
gcfqt	frame	BcsEe	Ring
gd7Oo	text	bAHrn	C
gf2zB	frame	U2jyBA	Spec header
gg0Dn	text	SXl5G	Name
ggCvV	frame	gy8qm	Account name
gkJWK	frame	n4QxIB	Panel spacer
gnbmR	frame	aA7RE	H amount
gnjNR	text	mnDeI	focus
gofcu	text	eju3T	Link
grQQ3	frame	C4rqN	Dark
gt28l	frame	iEzP7	Action
gue4w	frame	fPXrL	Slot
gvcvW	text	IQbb3	Cell
gwmnb	frame	Q9Yhaw	Ring
gxil3	text	Hxmzc	Span
gy8qm	frame	-	30 · MOLECULES
gyPQc	text	Rnmyh	Name
gycof	text	mpiJb	surface
h04fY	frame	ppSEn	Light
h0ZIBx	text	wQZhy	Value
h1HT2	text	GRRZ1	Value
h2plMS	frame	eEzVs	A filter returned no rows
h2zX3W	frame	GtsK3	Cell
h3CCgO	text	mGPRx	w
h3LbFj	frame	R7O4b	Slot
h4D8Q	text	CmE1N	Name
h5hFxx	frame	A93WWo	Ring
h6RFwc	frame	dBuVL	Bar
h6snx	text	T1Ugny	Caption
h73PV	text	tq9k5	Intro
h7DZnR	text	O2iP3	Label
h87HV	frame	fDv32	Cell
h8Rx7y	ref	o1elL	Primary
h9TVh	frame	kEly8	Body
h9uKN	frame	gt28l	Row
hEXWR	frame	rE2VY	Medium
hFlVz	text	l9iCLI	Amount
hHYs5	frame	ZM1Oj	Bank row
hIOSd	ref	z2pwum	Labelled
hIeuV	text	Biuvp	Amount
hJ7o2	text	qjvsu	Token
hJhj0	frame	A4E1dT	Mark
hNVtf	frame	rE2VY	Compact
hOcQe	text	XuxEx	Stops
hOnS5	frame	ysy3B	Dark
hSSo4	frame	mdCn4	Body
hSgB1	text	klRge	Test
hSotM	frame	z4Xwy6	checkbox off
hStzj	frame	E1v7Pn	Slot
hSxP7	ref	PLyCy	Level
hTDU3	ref	C26rd2	input read-only
hTTME	text	jORh1	Px
hV6yU	frame	E2yEo	Amount bar
hVQvW	text	jvZhP	Caption
hWY7j	frame	eNmA6	leading icon
hXjrn	frame	SpMHa	density-stack-gap
hYKQq	ref	l8uV6	Row
hYUw1	text	Z9ZHPg	Name
hbN3e	text	Zg3Us	Mine label
hbbM3	frame	K0cFeu	Shell 1920 · tabs
hbe4Q	frame	IbI8K	Header
hbuSn	frame	C1M5zg	Avatar
hcT3D	frame	xFbsw	Segmented control
hcZl6	text	XRxB7	Name
hdA1I	text	vhWat	Name
hdYDG	frame	jjwW3	Cell
hdnao	frame	SpMHa	density-row-height
he437	ref	HodlM	Older
heS79	icon	mRsB3	Glyph
hejz6	frame	o2yc8A	Skeleton
hf4SC	text	AOHLY	Role
hgGS2	frame	g5psOZ	Ledger
hhROG	ref	dZ7e2	Avatar lg
hiKHZ	frame	XVm97	outlined
hj9od	frame	eEzVs	Recategorised a transaction
hjL0l	ref	y0Xgc	Empty done
hoGBX	text	gnbmR	Label
howu0	text	iaH1D	Token
hqXvd	text	e5kP5q	Body
hrb5G	frame	tqiBA	Brand band
htGbL	text	Kf2Yr	Heading
hu4cK	text	Wagnk	Label
hyAyJ	frame	LosX6	Slot
hyOsd	frame	IWE8J	Cell
i0PVTt	frame	eykQg	Body
i0cHHu	text	o2Si3	Label
i37OxU	frame	A1uFL	Specimens
i3DPb	frame	d76zt	Ledger
i3YVd	text	qakyO	A
i3dGZ	frame	wedJ7	Dark
i3kWU	text	IwgOG	disabled
i4zah	frame	GMWHe	Rail trigger
i69TJy	text	wy6pY	Amount
i6Lakn	frame	ojYDS	Open
i72KP	frame	lwodi	Switch
i8d1yF	ref	zDwed	Control
iA6ys	ref	FLmOO	Row
iAEYZ	text	ab09l	Corner
iAR9Y	frame	uZmo9	Slot
iDHOA	text	ywJuo	Px
iDI1w	text	yWiEH	Role
iDyjp	frame	uC4nV	Title row
iEzP7	frame	-	10 · FOUNDATIONS
iG22T	frame	jalb0	amount
iHA51	text	JmuY6	Note
iHTbG	ref	MWpS5	Amount
iJGlX	ref	V3OGqk	Money arriving
iJJgu	text	jP78c	B
iKNWA	ref	o0Tc2	Leave out
iQ2yr	ref	ytAFU	Icon download
iQfpR	frame	a2XDV	Dark
iR8T8	text	rFyVW	Income
iRoOE	ref	U3Kpf	checkbox off hover
iTG7R	frame	MqC2J	Spec header
iUbj5	text	PLyCy	Who
iUzy0	frame	R5BXse	Transactions / 320
iVWTh	frame	A0qTu	Cell
iY3lK	frame	OcMMC	Section header
iYHDG	text	W2gOKx	Label
iZh7w	ref	uIv7S	Sections
iaH1D	frame	HXYCc	color-accent-hover
ibWht	frame	boHYN	Slot
ibjuY	text	Qo3GB	Name
icW7I	text	w5toy	Caption
icnMF	frame	Un1ik	Light
ifX8b	text	R7O4b	Caption
iiEvV	frame	RHe01	Row
iitQw	frame	pHc7u	light
ik9MB	text	wyUdA	B
ilHz8	frame	lOOjD	Slot
in1eg	frame	tq9k5	Money rulings
inUf3	frame	L6dXOi	space-6
ioKNC	text	ySkbX	c1
ipO9F	text	puzxj	What
itMyw	ref	VkJJl	Box
iu4r6	frame	E7JPI	Jul
ivw9x	text	MDNC6	Caption
iyeM0	frame	Ex33D	Badge
j0Brmr	text	LosX6	Caption
j0Cjwx	ref	uIv7S	Inspector
j11Ns9	frame	hSotM	Cell
j1DxTi	frame	TgMUN	Variants
j25FCo	text	pW5uY	Caption
j2tnxn	frame	CilH8	elevation-2
j3mNr	frame	C1M5zg	Selection controls
j3xcxw	text	Yprez	R
j4Cba7	frame	NbquU	Label
j5egx	text	pU6IB	Caption
j5sis	frame	rLUpH	Cell
j60q2	frame	QF5ET	Light
j6wPfr	frame	kYtQK	Slot
j6zjua	text	uAYih	Note
j7q5C	ref	AvjZx	plain disabled
j7zar	ref	hgGS2	Row
j8OtDp	text	YBQ71	Explain
j9MzJ8	frame	C1M5zg	Header
jAu2b	ref	ibWht	Input with icon
jBd7s	text	KAzHz	Sample
jCaN0	text	Fny8k	Cell
jE2aB	text	ap27B	C
jEFOR	frame	JYdmM	Spec header
jH3QI	frame	lHxua	color-control-border-hover
jHsmR	frame	RSNII	color-feedback-info-bg
jIEl8	text	LLxFg	Income
jKGHo	frame	e5QGg	Hero row
jKb0D	frame	cwrhF	Button
jNLzQ	text	U5JTi1	Stops
jNnq7	text	k3Op9	Category
jORh1	frame	V3hOmK	type-size-amount-md
jP78c	frame	eEzVs	Transfer to Savings failed
jQ1IB	frame	mdCn4	Page header
jQcuj	text	GMHfh	A
jQztn	frame	x1kEHE	Forms
jS7xJ	frame	UEy2Z	Mark
jSkwN	text	Ftl9M	Title
jT54C	ref	LeDrc	Sidebar
jUxzJ	text	AWr0y	Label
jVza6	text	rnGLp	Cell
jWVTv	ref	YwS18	Row
jXT6d	text	lyu95	Label
jXjME	text	bl1IK	Label
jY9Eg	text	DWFv5	Title
jYqMn	text	IwgOG	selected
jYyap	text	k3Op9	Date
jZHqM	frame	UwIRb	Brand
jalb0	frame	x7TE5Q	Matrix
jbhwl	frame	kEly8	Footer
jc4ec	frame	ggCvV	Specimens
jc8Ff	text	XC9S1	Mode
jcRvr	frame	L4aPn	Dark
jd6PY	ref	Q3h2tz	radio off focus
jdUMf	text	Yprez	S
jewUk	text	Z6xrE	Title
jfZYa	text	rmqac	c2
jfdDM	text	UqYSS	Note
jhkR0	text	naY6n	Amount
ji81w	text	jP78c	C
jitXG	text	RKy6i	Token
jjbp0	text	pACqU	What
jjwW3	frame	n40GIO	primary
jo5X8	frame	OtK9f	Surface
jpGyT	frame	UuPuV	00 · README
jsW9M	frame	V6Wr1o	Row
jtz1t	text	ZC239	Use
juGNi	frame	yP7CN	Cell
jvXUU	ref	rQBWQ	icon rest
jvZhP	frame	S4jKck	Cell
jwqbo	ref	prZYD	Primary
jyhhb	frame	X9DF7	Card
k01hX1	text	b9v3pB	Note
k03v3	text	klRge	Title
k1LjV	frame	o0Tc2	Co-owner
k24A1	text	Y2T2c	Label
k2TT0	text	RNLhB	Heading
k3Op9	frame	N51Evi	Line 2
k3WVXT	text	YafSn	Label
k3cuCF	text	inUf3	Px
k3joL	text	rnGLp	Cell
k3pMJz	frame	U3Tzr	Elevation
k3pRmM	frame	wCFlW	Dark
k4OmNI	ref	WUl9m	primary
k4yJUU	text	TCZBs	c2
k5HQye	text	fDv32	Label
k5LlJ	frame	eDQx3	Error leaves the chrome alone
k5Mq3y	frame	nBcsy	Amount bar
k5Zk31	frame	Z56Iiu	Spec header
k6JpL	text	hXjrn	Key
k6xEc	text	wyUdA	C
k73lo	text	qnITi	verdict
k8Jgd	text	p0lQDV	Title
k8Mbx	text	DhrDI	Value
k8vDz	frame	SpUFW	Account trigger/rail
k97wd2	frame	juGNi	Slot
k981b	frame	QU4bL	Levels
kBOku	frame	E3ZiE	Slot
kCbD9	frame	T2YIk	light
kDcf0	text	UQuP2	Label
kELqu	text	T8eVBq	Meta
kEly8	frame	WSBXa	Dialog
kHcEf	frame	eDQx3	Disabled dims everything, including the chrome
kIROx	frame	G48NsR	Head
kJAVH	frame	dHJQy	Slot
kJkV1	frame	IbI8K	Auth shell
kKHRt	frame	Az2IS	Dark
kKUAv	text	e7EaEG	Token
kLtAQ	frame	XYEan	Section header
kNNcL	text	HwcW9	R
kNRaN	frame	oGNxe	Chips
kOfrp	text	b81J3	Label
kPKVd	text	uURCP	Cell
kPPOG	frame	nsi3x	Cell
kQDo7	ref	rXjPl	Select
kQc7C	text	uediR	Token
kSktZ	text	ZsI2p	Use
kT38g	frame	wOvw8	Spec header
kVRdr	frame	Wk2i2	light
kVrOo	ellipse	k3Op9	Dot
kWTaO	text	jpGyT	Detail
kYtQK	frame	A0qTu	Cell
kZzBX	text	YwlA6	Role
kaELJ	text	VPlJt	Caption
kdAjW	icon	ZYKs1	Sort
kfa2T	frame	u0xpd	Head
kj4da	text	E0R6of	Link
kjcZd	text	RLbB1	focus
klRge	frame	UqYSS	Rule
kqffI	ref	pu6qZ	Bottom nav
krVcQ	text	A1aug9	A
krg8t	frame	O8AR0	Spec header
ks0Az	text	FoAm3	W
kvOV6	text	XRxB7	Contract
kvggU	frame	exiPr	App header/compact
kwcdh	frame	p7mXC	Body
l0LFT	ref	aexbf	Chip housing
l1TBF	frame	WopsQ	toast enter / exit
l1aJjI	text	h9TVh	Title
l1g7x	text	bGgx4	Token
l1tGzz	text	T8rPJ	Role
l253tm	text	ls2hr	Sub
l2Tw8Y	frame	yWiEH	Chips
l2sxLb	text	IbI8K	Caption
l3sRo9	text	AOHLY	Token
l4je2	text	vHJTa	Reading
l4rs6	text	A1aug9	B
l4tOM	ref	fwKnX	Transactions
l4xYKC	text	awLat	Caption
l5pYOs	text	x3lqx	Caption
l5sRqJ	text	lx4SQ	Text
l5spr	text	SFEli	W
l6MIT8	ref	pgywC	switch on focus
l6Tt4	ref	k1LjV	Box
l71dZR	text	S4RlOZ	surface
l873S	frame	V0nSz	color-amount-positive
l8D82j	frame	g3EpL	Skip link
l8eetp	frame	e7EaEG	Chips
l8uV0E	text	KAzHz	Px
l8uV6	frame	e3YgOW	Ledger
l9iCLI	frame	UGmgz	Row
l9zes3	ref	IFUc4	icon focus
lCjB6	text	UYguo	Token
lD514	frame	dYG7b	Chips
lFZJj	frame	nLmen	1
lHGlp	frame	O1sfhh	Cell
lHxua	frame	gt28l	Row
lIm2N	text	GtsK3	Label
lOOjD	frame	J4V9sk	warning
lOwM0	frame	SmdMu	Cell
lQif8	frame	RHe01	Row
lRCOR	text	z4soC	Merchant
lRoj7	text	LhNlb	Key
lTT6E	ref	CqsXh	Inspector
lTpLC	frame	L1EDSQ	Dark
lUzxR	frame	U3Tzr	Target size
lWCc2	frame	FZOjp	Specimens
lXfeG	ref	T0AJo	System
lY7Y1	frame	Bj3JY	Light
lYYRu	text	x6SOV	use it for
lYi8c	text	g0IjA	Key
lYm9W	text	DWhVh	D
lYvFu	rectangle	YkSdu	Bar
lZnGT	ref	tovKh	Overview
lavNj	text	JjEPM	Label
lcQYG	text	hrb5G	Panel headline
lcbKL	text	a1dmeY	Record path
lcbwy	text	cG9a5	B
ldSnK	frame	QETwn	Identity
lfpw1	text	RLbB1	rest
lgUC4	text	Yprez	A
lhyOY	frame	r2J1JC	Cell
likjA	text	SMESJ	Name
lilyu	text	SsZwv	Contract
lkwKH	rectangle	DoOp9	Rule
llfEv	text	IQbb3	Cell
ls2hr	frame	gt28l	Section header
lt7gi	text	VOgHO	Amount
ltOgK	text	KkV2T	Naming
lu1J9	text	oWCEf	Name
lwodi	frame	v53fU	Slot
lx4SQ	frame	tPOOT	Point
lxKwT	text	aSiHB	Link
lymRM	frame	G48NsR	text input
lyu95	frame	N2gF4	Content
lzo6D	text	n1U67n	P
m2LV4j	text	D1lVSI	Name
m4MOLI	text	z9kMyP	D
m4u3h	text	xuljF	Label
m5IlD	text	VE2z9	Description
m6f07u	text	K7eXce	Note
m7URyf	ref	Qm9H6	Pagination first
m8Tyd	frame	S4jKck	Cell
m9cgg	text	ldSnK	Meta
mApBj	text	uTTIp	Caption
mDftN	frame	VrvQg	Body
mEaUK	ref	B307MH	Tab activity
mFfXF	text	e2I5jl	Role
mGOjL	ref	gwmnb	currency affix focus
mGPRx	frame	cxbxG	Brand tile
mHf9A	ref	wsIW4	Badge error
mHo3v	text	Vbjgo	Cell
mK77g	frame	kJkV1	Card area
mKiuh	frame	fTIdB	Spec header
mLkBj	frame	cxbxG	Nav current
mNxjy	text	D6XlH	Label
mOXHt	text	vZIJj	Detail
mOlYL	frame	F4NIUQ	Surface
mRsB3	frame	VBd4H	Icon button
mSybg	text	LNxG0	Label
mTGbC	text	YG0ss	Amount
mTKl6	text	Zn1aI	focus
mZDCP	text	BO7HN	Date
mZMpE	text	unHRN	Title
maK4f	frame	KPPdr	Spec header
mdCn4	frame	hbbM3	Page
mdFbj	text	naY6n	Date
mdVf4	text	x1kEHE	Caption
mf74f	text	x8GA9V	Amount
mgAmK	ref	iDyjp	Primary action
mh6GZ	frame	zST8l	color-action-destructive
miHSM	frame	GfK4U	Section header
mjYF8	frame	Q1wrx	search
mmhGy	frame	UesgU	Dark
mnDeI	frame	XVm97	Head
mo9XG	text	Vp7Vk	What
moOdd	frame	nZIbb	Cell
mpHNs	text	T90DdI	Name
mphkz	text	b2GxUH	Duration
mpiJb	frame	eEzVs	Head
mpwKl	frame	ciGdg	Spec header
mqAiQ	frame	PeH40	Cell
mrav1	frame	FguRX	Row
ms4Zi	frame	caQR0	Nav current
mthYm	text	yhEtx	Px
mxZqy	frame	oNyVa	Spec header
mxm2u	text	B3sC3y	Label
mzXrh	text	mnDeI	hover
n11t0	text	l873S	Token
n1U67n	frame	owVI5	Input · search
n1jtX	frame	zo0tV	Axis interaction
n1vpYc	frame	j3mNr	Spec header
n1xzTj	frame	vTf2q	Cell
n2TGXn	frame	exiPr	Secondary nav form and placement
n3pCi	frame	qQ3QX	housing
n40GIO	frame	pEybE	Matrix
n4QxIB	frame	kJkV1	Brand panel
n4q8yJ	text	g5psOZ	Caption
n4rPu3	frame	Wagnk	Cell
n4sor8	text	vo2Od	N
n4yxcD	frame	ytIEI	Dark
n66f96	text	T6Bc2	Count
n6E9ny	ref	OyZQH	switch off disabled
n7iV7P	frame	jyhhb	Result slot
n7pVT1	frame	fiQof	hover
n8UU3	text	mKiuh	Contract
n9DJE	text	vVN9R	Axes
n9KlSw	frame	pBuoI	Search field
n9SrM7	text	xEZ7T	Contract
nA2cW	text	R5wNy3	Contract
nBcsy	frame	nxC5s	Row
nC8RD	text	Q3TcPw	Title
nCFas	text	fPXrL	Caption
nCrkk	text	cWBZt	Title
nDnzB	text	UHtqT	Detail
nEJ4m	ellipse	i72KP	Knob
nHpDI	text	Cf5FA	Income
nIilZ	text	VkTAJ	Label
nLmen	frame	O3Zkv	Sequence
nMWtn	frame	zqj9c	Never detach
nOW62	frame	d38Ht	Ring
nPH0R	ref	ZGjOf	Tile negative
nQqPS	frame	aSiHB	Button
nRGfa	text	k5LlJ	B
nTSR3	text	QxlO8	C
nUx8s	frame	x8FJdc	Ladder
nUzUB	icon	Nq1uL	Icon
nVYwf	ref	A2bVbC	Empty state
nWePx	frame	Kqqag	Chips
nYFoK	frame	Hgs7O	Specimens
nZIbb	frame	eNmA6	affix + code
naY6n	frame	U8oxbw	Row 2
narSb	ellipse	hJhj0	Dot
nbREA	frame	lWCc2	lock-up
nbkD9	frame	VPlJt	Slot
ndIcN	frame	U5GuDg	Prefix
ndjUs	frame	op50O	amount
ndzKM	text	foiYU	Easing
ne2YM	text	MHfgv	Token
neAeS	frame	naY6n	Merchant
nf0Cd	ref	rtEgS	Save
nfk33	text	DzJCR	Value
ngJ0E	rectangle	sdiaw	Bar
nggNl	frame	MLV3D	Columns
ngtDr	ref	U4vpT	Button
nhiys	text	FoAm3	N
niCN9	frame	U3Tzr	Amount column
niicJ	frame	Wq7QG	Variants
nios3	text	T90DdI	Contract
nkj7c	ref	n9KlSw	Field
nkmYW	text	pFetM	Label
nlbMg	text	SmdMu	Label
nm2Ex	frame	NqSIc	positive
nnnWK	text	zfSRK	Px
npcin	frame	G5m4X	Slot
nrXBN	text	C41dyN	B
nsi3x	frame	XVm97	ghost
ntho9	frame	n2TGXn	Spec header
nu0in	text	A4msH	c0
nuObm	frame	rFyVW	Brand fill
nubMl	frame	gy8qm	Notice
nvT9C	ref	UeM47	Pagination
nxC5s	frame	hejz6	Loading rows
nxasX	text	IbI8K	Caption
nzRsX	text	o0X2g	Label
o0J3RE	text	iY3lK	Sub
o0Tc2	frame	QU4bL	Owners
o0X2g	frame	ULzBq	lg
o0u3b9	text	W4jV16	Token
o1OBy	text	UTFXt	Label
o1elL	frame	R5obt	Step actions
o1uhK	text	mnDeI	rest
o23et	text	UpGNR	Name
o2Si3	frame	W1VoyO	Button
o2yc8A	frame	UQuEq	Examples
o3WLJ	text	X2uIw	A
o5lDg	frame	RSNII	color-feedback-warning-bg
o6VBbb	frame	LeDrc	Main
o6iLf	text	sjJxn	Contract
o6lsh	ref	LHBGo	Page header
o70qF	rectangle	vxZye	Rule
o85UCF	frame	j1DxTi	Row
o95Yjc	ref	fdyCD	Chip transport
o9AZZ2	text	u1YNTF	Cell
o9HNF8	text	adGwV	Duration
oEXmZ	ref	T0AJo	Dark
oEg6v	frame	MLV3D	Feedback · worked examples
oGL6m	ref	CqsXh	Sidebar
oGNxe	frame	h9uKN	color-action-primary
oGOaq	frame	k981b	Alan sees
oGOgB	frame	zqj9c	To vary something no preset covers
oGTpY	text	caQR0	Link
oHETg	frame	iEzP7	Control height and target size
oHdYr	text	pSJT2	Role
oLSA5	frame	ykuW2	color-bg-hover
oNyVa	frame	exiPr	Detail scaffold
oRuIQ	text	boHYN	Caption
oVoOj	frame	McMfs	Input/amount
oWCEf	frame	A6a36	Section header
oXmRw	frame	QTdhT	Inspector
oYCuk	frame	KOC57	Body
oYssC	frame	uGy6D	Dark
oYzfx	text	fdzVC	D
oZKKZ	text	IsO26	Role
oaTkM	path	R3Bzrb	Point
ocjsz	ref	W3sEe	Direction
odu3V	text	S4RlOZ	never
odujP	frame	xIPZv	dark
og5Z4	frame	E0R6of	Brand tile
ogrrp	text	SO7Ih	Label
oimJ5	frame	fwKnX	Spacer
ojYDS	frame	IF1EM	Specimens
omDL5	ref	JZNMG	Sheet
omZmj	text	LhNlb	Value
oncLV	frame	PPrJ7	The row
ooLSq	frame	kvggU	Specimens
op50O	frame	KPPdr	Specimens
or1CE	text	rFyVW	Expense
owVI5	frame	RNLhB	Preset index
oweC0	frame	w8X3bw	Metric tile
oy1pG	text	pSJT2	Token
oyNMu	frame	vo2Od	Body
oyODF	frame	Un1ik	Dark
oz0kL	frame	GWncw	Ring
p0lQDV	frame	IbI8K	Layer note
p1UFI	ref	EpRPP	Sign out
p1vsOT	text	vwDys	Caption
p271oZ	text	t8NDiS	Label
p2Eno	text	sZAsV	Name
p4eSI	frame	UtBdH	radius-full
p4qhuN	text	t7OYv	Body
p5MO0	text	l1TBF	Duration
p6ckn	text	GCEbT	Targets
p7mXC	frame	WMlvF	Main
p9MYYK	frame	P1Q2V	light
p9boQF	ref	ytAFU	Icon ellipsis
pACqU	frame	WopsQ	saved → confirmed
pAoxv	text	ufjrF	What
pBDFZ	icon	vJC8m	Icon
pBuoI	frame	mjYF8	Cell
pCCmr	text	d76zt	Caption
pCmru	frame	eEzVs	Import finished, 12 uncategorised
pEGZm	frame	UuLOO	Spec header
pEybE	frame	C1M5zg	Button
pFetM	frame	JZ046	CONTENT SLOT
pGjuX	text	kHcEf	T
pHSdl	frame	V3hOmK	type-size-heading-md
pHc7u	frame	niCN9	Pair
pIXZq	frame	UtBdH	radius-sm
pJ7pi	text	ab09l	disabled
pK8M1	frame	x0AUf	Dark
pLCxI	text	mxZqy	Name
pLPz0	text	LQLd5	Caption
pMEG6	text	GkQiP	Label
pMa1r	text	S4RlOZ	dismissal
pMwCw	text	f9B9Tj	Caption
pNzdJ	ref	NHhUw	Form field
pOw8x	frame	caQR0	Button
pQwpS	text	Hl95t	Name
pSJT2	frame	HXYCc	color-accent
pSPwM	text	NroNu	Sub
pSkRC	text	R53DB	Token
pT9PM	text	hdnao	Value
pThY3	ref	Glxte	Toast on canvas
pTxtS	frame	JeOYI	Slot
pU6IB	frame	BEbyQ	vivid · lighter
pV01n	frame	BQVOZ	SUMMARY SLOT
pW5uY	frame	yP7CN	Cell
pWVHf	text	EbwgK	Name
pd6eD	ref	LeDrc	Drawer
pfkpn	text	W08s6	Title
pgi4O	text	W8V14	Label
pgywC	frame	npcin	Ring
pkaxy	ref	DIzkM	affix + code error
pn0Xe	frame	nLmen	6
ppSEn	frame	VS580	Chips
pqPHZ	frame	nBcsy	Bar
pqSYd	frame	a7Cr1y	Light
pqbKi	frame	Onn81	Spec header
prZYD	frame	hyAyJ	Step actions/compact
prq6T	text	B9mDb	Caption
psg4q	text	pV01n	Label
ptqB8	rectangle	MLV3D	Rule
pu6qZ	frame	IbI8K	Signed-in landing / compact
puzxj	frame	WopsQ	row added or removed
pvZHr	ref	x3lqx	Notice info
pvn4R	frame	L4beb	Slot
pwvuS	text	GIvxq	Use
pzIzS	text	X2uIw	C
pzKYo	frame	RHe01	Row
q09QQ7	text	OPcjY	Contract
q1wst	text	Lplbc	Cell
q23i3G	frame	nsi3x	Cell
q24tv	text	n3pCi	Caption
q42SlL	text	pCmru	A
q4Rg0	ref	T0AJo	Comfortable
q4cZdR	frame	hbuSn	Specimens
q4n4x	ref	r9ngy0	error
q6ImJ	frame	WRwWX	A statement
q6eeKu	text	w8Iaf	Footnote
q750S	frame	vTf2q	Cell
q7dY7c	frame	ZA4B8	Sidebar nav / in shell
q7mLc	text	A0qTu	Label
q83nH	frame	E2yEo	Bar
q8bOIO	frame	T0AJo	Identity
q9PPZB	frame	DOmZy	Primary nav
qB87M	ref	a9iQ0B	primary focus
qCqxX	frame	PviJn	Category column
qERjH	frame	gy8qm	Transaction row
qGE8x	ref	sCZaW	plain error
qGjuI	text	bY2qv	Note
qIC88	text	L7GmV6	c2
qINvy	text	xgBmi	Contract
qLIuQ	frame	TQljT	Slot
qLPlm	ref	J1mewP	Segmented focus
qM6f1	text	NnhJs	Category
qPBrv	ref	UqZYL	currency affix rest
qQ3QX	frame	EfEGZ	Specimens
qQo9f	frame	PeH40	Cell
qRXks	frame	L6dXOi	space-1
qTFMF	frame	A1uFL	Spec header
qUxkJ	text	xhUan	Required
qXBar	text	Rnmyh	Category
qXTk4	text	ui8Iz	Label
qYquZ	ref	L0hfW	Connections
qakyO	frame	eEzVs	Saved an edit in the drawer
qbMYR	ref	moOdd	affix + code rest
qdVGw	frame	lOwM0	Slot
qdjKp	frame	AEBxd	Specimens
qecZ1	frame	Q1uLd	Slot
qhsca	ref	i4zah	Avatar
qjvsu	frame	V3hOmK	type-size-page-title
qlmSC	text	gf2zB	Contract
qlsIz	text	ERmFl	c0
qm9Jn	text	pIXZq	Px
qmc0a	frame	Rrzyd	Label
qnITi	frame	WRwWX	Head
qq57x	ref	T6Bc2	Search
qqfIw	text	e7o7M	A
qrWpF	text	IbI8K	Caption
qrZqr	text	WSBXa	Caption
qri5F	text	TKqzi	Contract
qsKzL	frame	eCz1k	Spec header
qsai8	text	ZazNV	focus
qskn3	text	j2tnxn	Label
qsuEY	ref	sMAAb	Chip uncategorised
qtGV9	text	GCEbT	Consequential
qtL4d	frame	CkB7x	currency prefix
qyubR	text	q6ImJ	V
qzAby	text	rcPRp	Px
qzQOb	ref	QuHSh	Icon button download
qzvC1	frame	UuLOO	Pair
r0ZDLg	frame	PD8Hj	Spec header
r1fFmt	text	EbwgK	Contract
r1goa	frame	UDCkT	Page
r2J1JC	frame	u0xpd	menu item
r2Oakp	ref	S0uP5	The oldest page
r2XfKa	icon	cd3EN	Arrow
r2jMa	text	u1YNTF	Cell
r2vS3	text	d76zt	Verdict
r3g0w	text	RKy6i	Role
r5kED	frame	exiPr	Keyboard contract
r5mphL	frame	iEzP7	Radius
r5qjc	frame	eDQx3	Read-only removes the border, so the affix needs a divider
r5srq	ref	Kmn2q	Account savings
r5t1Ex	text	Fny8k	Cell
r5yNk	frame	GtsK3	Cell
r98gw	text	C41dyN	A
r9ie5	text	raCjG	Amount
r9ngy0	frame	a0U8Ip	States
r9zXzc	text	JnUsc	c1
rE2VY	frame	yyPXL	RESPONSIVE REGIMES
rEGOo	frame	uDxMI	Brand fill
rEOk1	frame	O3MOmR	Nav item
rFyVW	frame	XC9S1	Adjacency
rGD11	frame	gGqYU	Cell
rJgnc	ref	K86xo	Tab selected
rK3bJ	text	nZIbb	Label
rKTu4	frame	xKfaZ	Dark
rLUpH	frame	fiQof	pressed
rMF8Z	text	NQgiU	Caption
rMlyz	text	mh6GZ	Role
rNJzg	frame	p9MYYK	Ring
rOJmK	frame	Fj8vC	Specimens
rQBWQ	frame	q23i3G	Slot
rRtOa	frame	Sq36g	Slot
rSGk7	frame	EvBXN	Dark
rSXua	frame	GmmQz	Chips
rScGT	frame	LsnFv	Dark
rWTSP	frame	vKEkQ	Toast
rWVYD	frame	MqC2J	Pair
rXjPl	frame	YBQ71	Row target
rYuHn	text	adGwV	What
rZBBy	frame	ThgLN	Section header
raCjG	frame	U8oxbw	Row 5
rawfD	text	gHGnM	B
rb7tN	frame	hiKHZ	Cell
rbj6Q	frame	y9pR1n	Specimens
rcPRp	frame	V3hOmK	type-size-amount-lg
rdxwh	ref	MZaaT	destructive rest
rfdkJ	ref	T0AJo	Light
rl3Y7	frame	W8V14	Track
rlh6y	text	vJC8m	Text
rmqac	frame	WU9Ef	Full page
rn18v	text	ZA4B8	Caption
rn3iF	text	IwgOG	hover
rnGLp	frame	RHe01	Row
roIf4	text	X6GnPU	Token
rpHQK	ref	S0uP5	A middle page
rpbsv	text	Vjqoc	Label
rptWw	frame	V0nSz	color-amount-negative
rpw4r	ref	uTTIp	Destructive confirmation
rquSk	ref	r9ngy0	affix
rrIfA	ref	q750S	secondary hover
rrht5	frame	DfUPO	Ladder
rtEgS	frame	yhPTP	Footer
rtQKe	text	jyhhb	Heading
ru4yJ	frame	Zc7XG	Body
rv5n0	text	Z2oYAy	Initials
rxIHW	text	hj9od	C
rxV8e	frame	ggCvV	Spec header
ryInx	ref	T8b7g	affix + code disabled
ryP6p	text	V3phj	Note
rzPRB	frame	T0AJo	Divider
s1fWHC	text	s9ZCf	Label
s2LEWQ	text	K0cFeu	Caption
s2VNo8	frame	FJMXV	App header / in shell
s2cbK	ref	V3OGqk	Not settled
s46J5	text	I3So7c	c0
s4VfUC	text	p9MYYK	Caption
s4aZF	text	pn0Xe	N
s5MZp	text	IWE8J	Note
s5fPx	ref	EaIMm	Month
s63oBC	frame	gLOoI	Ring
s6fCKJ	text	DEVBi	Mode
s6mCu	frame	vKEkQ	Badge
s8h3Wo	text	RnpZH	Label
s92v8	frame	RIBW5	Slot
s99IAH	ref	EaIMm	Month
s9JaL	text	iiEvV	Cell
s9ZCf	frame	hcT3D	Segment B
sAVzv	ref	D7WKNs	currency affix error
sB9oY	frame	gy8qm	Segmented control
sCZaW	frame	WjbJc	Cell
sDovJ	text	T0B02	Token
sHZFy	text	z4soC	Amount
sKhbD	text	xSfCx	Token
sKhiw	text	y98B6	Eyebrow
sKqay	frame	TAiP4	positive
sMAAb	frame	IhhIn	Slot
sMUJE	text	uURCP	Cell
sPqSC	frame	U3Tzr	Notice toast
sVeZu	text	z470vC	Caption
sXKVO	ref	jQztn	Rail
sXNgo	text	AcTkH	Caption
sXUZq	text	bqnp1	Role
sXedN	ref	fPb3G	Row
sYZDM	ref	X9aF0Z	Field
sZAsV	frame	nubMl	Spec header
sbE2Y	text	w6eXK	Name
sbUlw	frame	mDftN	CONTENT SLOT
scEnY	ref	tjq6w	Tab Income
scSyK	text	GMWHe	Caption
sdiaw	frame	E7JPI	Jun
sePpv	frame	E7JPI	Aug
seqIX	icon	NQiiY	Leading icon
sg15g	text	z9kMyP	S
sglN2	frame	q4cZdR	lg
sgxs4	text	HrJII	Name
shqqO	text	Kn29w	Caption
sjIaa	frame	nsi3x	Cell
sjJxn	frame	bQaTk	Spec header
sjY8Z	text	b9v3pB	Name
sjiYV	ref	W8ig0	Oldest
smIPN	text	tWeSh	Name
smQS6	text	KUP05	Title
sobrc	text	BmXJJ	Label
spXhS	text	UJKx9	focus
spnkB	frame	r2J1JC	Cell
sqfVt	text	mpwKl	Contract
sqjVx	ref	l8uV6	Row
suC6z	frame	UtBdH	radius-lg
suf9P	text	OisDS	Label
svF4o	text	GVpgl	Amount
svm4M	frame	iEzP7	Layout
svvnw	frame	PPrJ7	Head
sw88g	text	V3phj	Name
swnva	frame	NKN0w	Dark
t00eQ	text	PNgtL	Label
t1hnAR	frame	WopsQ	drawer, inspector
t1kQG	text	e3lhTw	Eyebrow
t2zgEp	frame	gy8qm	Metric tile
t3j5p	text	gUpCw	Contract
t3kr0g	icon	h9TVh	Icon
t4Rxse	text	Zc7XG	N
t4XTD	frame	UNWKw	Main
t5An1x	ref	WUl9m	ghost
t5yZV	frame	fDv32	Cell
t7D2Y	text	Sq36g	Token
t7OYv	frame	XAa5Z	Display rule
t8NDiS	frame	E7JPI	May
t9LY7	text	q6ImJ	R
t9iqb	frame	vdV0B	Origin
t9j2TA	text	EAKJN	Contract
t9xTM	frame	BIRbz	Amount bar
tDrQD	text	qsKzL	Name
tGj5U	text	n7pVT1	Label
tH4jX	text	l1TBF	Why
tHx8s	text	zjuzB	Note
tIV0K	text	W2fEd	D
tMr2e	frame	SpMHa	density-cell-padding-x
tOaRS	ref	Z3LdlL	hover
tP6EW	text	gAP0W	Token
tPOOT	frame	n4QxIB	Points
tRBKM	frame	hiKHZ	Cell
tS1R6	frame	yPdmm	Page header
tTaUg	frame	KNLdL	color-feedback-success-bg
tUNVf	text	uIIGD	Caption
tWeSh	frame	VxCZI	Spec header
tWuFh	ref	hdYDG	primary disabled
tXFnu	text	SNRY5	Note
tXNum	text	kIROx	disabled
tZic6	text	TgMUN	Caption
tbE0N	text	Ftl9M	Body
tcIxy	frame	hiKHZ	Cell
td7Ri	text	SXl5G	Contract
tdDSX	text	QX23P	Px
tda8a	frame	S0F5UA	Chips
tdbdi	text	ysP4V	Label
tdggV	text	lQif8	Cell
teAKi	frame	iEzP7	Borders
tgAoi	frame	hcT3D	Segment A
tguBS	frame	cxbxG	Button
tjq6w	frame	JUnk1	Tabs
tjwAB	text	LKVVZ	what you see
tkB06	frame	yHyfV	disabled
tkhwv	text	ERmFl	c2
tmD8e	frame	nWePx	Dark
tmXLa	text	sdiaw	Label
totwS	frame	uYAJw	Chips
tovKh	frame	b3MTx	Tab
tpwC3	text	rxV8e	Contract
tq9k5	frame	MLV3D	Surface and navigation decisions
tqiBA	frame	IbI8K	Auth shell / compact
tqlYe	frame	t4XTD	Body
tquly	ref	iDyjp	Nav trigger
tr5LO	ref	StdFs	Icon button search
ttPq4	text	sePpv	Value
ttoEX	frame	P0UZw	Brand mark
tvNLd	ref	HA3No	Amount positive
txDaq	text	UHtqT	Zone
tykCm	text	e4Rvkx	Token
u06Fg	frame	NKN0w	Light
u0GZ6r	text	K0cFeu	H3
u0i0FW	text	a3rmr	Contract
u0xpd	frame	w740u0	Matrix
u1TYVT	text	Nc5C5	Label
u1YNTF	frame	RHe01	Row
u26DkY	text	jKb0D	Label
u2LND	frame	pW5uY	Slot
u3c2Bs	text	q9PPZB	c0
u5BzW	text	TKqzi	Name
u5RU0	ref	fwKnX	Accounts
u6KZf	frame	teAKi	Row
u6Mby6	text	B8M5f	Label
u6Nt6J	ref	uG66x	Amount hero
u6nP9	text	x7StGo	Value
u7iiYc	text	APXCe	Easing
u9HCvC	text	RNLhB	Intro
uARO7	text	f7T4G	Category
uAYih	frame	QTdhT	Sections
uAaKu	ref	k8vDz	Avatar
uBzdd	frame	E7JPI	Apr
uC4nV	frame	FJMXV	App header
uC9EE	text	M3PqM	Label
uDxMI	frame	I7YAkd	Adjacency
uFBGa	frame	XCEta	Chips
uG66x	frame	awLat	Slot
uGy6D	frame	v0O4QF	Chips
uHKhY	text	uURCP	Cell
uHksi	text	SqYML	Date
uIIGD	frame	dDmP2	Cell
uIv7S	frame	BPW3V	Body
uJ38P	frame	jjwW3	Cell
uJGG5	text	DolIh	Token
uLTUj	frame	oLSA5	Chips
uMfqn	frame	C1M5zg	Badge
uNqa1	text	IQbb3	Cell
uQWz5	text	ysP4V	Value
uQohJ	frame	L4aPn	Light
uRQ9M	text	AD6T3	Name
uSirz	ref	qQo9f	destructive disabled
uSqrS	frame	L6dXOi	space-8
uTTIp	frame	qdjKp	Destructive
uTW4n	text	puzxj	Why
uURCP	frame	RHe01	Row
uW631	text	UJKx9	rest
uWNbS	frame	xKfaZ	Light
uXPE2	text	krg8t	Name
uXXoN	icon	W2gOKx	Icon
uYAJw	frame	RSNII	color-feedback-info
uZ9pY	text	TDcrs	Token
uZmo9	frame	hSotM	Cell
ua4z0	text	NXVMx	Role
ube7e	text	p4eSI	Token
udlvI	ref	Yt1rq	Control
uePXG	frame	VRveh	Page
uediR	frame	RSNII	color-feedback-warning
uf0AM	frame	kPPOG	Slot
ufQiG	text	aivYO	Note
ufSgT	text	lQif8	Cell
ufjrF	frame	WopsQ	menu, tooltip open
ug0Dg	text	I3So7c	c1
uhE4s	text	qsKzL	Contract
ui8Iz	frame	yHyfV	selected middle
ukMZS	frame	DK15J	Ring
ukoWx	text	FKSVH	N
ulcWX	text	USPm2	Code
unHRN	frame	Z56Iiu	Precedence
unWvr	frame	U3Tzr	Sidebar · brand, footer and rail
upiwt	text	gST7K	Detail
ur2Bu	text	ms4Zi	Label
ur7an	frame	FOaFA	Cell
urgP8	text	tkB06	Note
utvyo	text	yxCve	Amount
uu9LY	text	pOw8x	Label
uuIdD	text	VS580	Role
uuK9i	frame	x0AUf	Light
uwXG7	text	Y52ER	Name
ux7GY	ref	K4IdL	Input currency prefix
uxJMI	frame	Nz3qV	Slot
v03NFp	icon	L4bVT	Separator
v0O4QF	frame	jsW9M	color-border-disabled
v0TAyh	text	RApR9	Token
v0qiu	ref	LqoqA	Notice
v1KRTA	frame	f0Bt9N	Light
v2WB5	ref	n1xzTj	secondary disabled
v2qMRi	frame	lHxua	Spacer
v2zjY	ref	RWCDP	Input prefix and code
v3XOZ	text	o5lDg	Role
v3qYg	text	YM2Da	Caption
v44u4	text	uYAJw	Token
v4jISe	frame	bqnp1	Chips
v53fU	frame	A0qTu	Cell
v5MSy	rectangle	HX5iK	Fill
v6XxQ	text	jHsmR	Role
v70YI	text	AD6T3	Sub
v75LX	text	epZVa	Caption
v7zvGh	text	xTeCh	Contract
v88Q3	frame	FOaFA	Cell
v8gprR	text	neAeS	Name
v9dvDJ	ref	GE3f2	checkbox off disabled
vABxA	ref	j5sis	pressed
vAUuf	text	UpGNR	Contract
vDOnz	ref	A2Tq5Y	leading icon rest
vDmQU	frame	U2jyBA	Transitions
vFRGA	frame	zo0tV	Comparison
vGjfy	frame	O67ZFE	Brand
vGy5F	frame	UwIRb	Divider
vHJTa	frame	Kmn2q	Account selector
vJC8m	frame	tPOOT	Point
vJRcD	text	gBOkv	Body
vKEkQ	frame	bmWMq	Placement
vNXQS	text	SqYML	Amount
vOLZ1	text	FguRX	Helper
vPEzK	ref	ETiRe	Meter Housing
vQMh5	frame	qERjH	Density
vQzsn	text	xlHHF	Note
vS0wl	icon	QETwn	Chevron
vS4uh	ref	ETiRe	Meter Transport
vSiNr	text	pCmru	B
vT1Jx	text	hHYs5	Name
vTf2q	frame	n40GIO	secondary
vUsOn	text	MJJtb	c0
vVN9R	frame	fy2sJ	THEME AXES
vWchn	text	Fjlli	Name
vYdDz	text	JnUsc	c0
vZIJj	frame	UuPuV	50 · TEMPLATES
va4JS	text	MJJtb	c1
vaLOy	ref	vHJTa	Mark
vbr4c	ref	aiiUC	Lock-up
vcb7d	frame	iUzy0	Body
vdCQc	ref	c1vQsU	checkbox on hover
vdV0B	frame	gy8qm	Account choice row
vdW5k	rectangle	R53DB	Box
vdcdz	ref	Kmn2q	Account overdrawn
vdkhc	frame	GXZnA	CONTENT SLOT
vhWat	frame	niCN9	Spec header
vly34	frame	k3pMJz	Pair
vmbZa	text	MXCae	Key
vmzQx	frame	UesTs	Slot
vnoBI	text	ZazNV	rest
vo2Od	frame	nLmen	3
vp5oa	text	tTaUg	Role
vq3nS	frame	Z3NvbY	Slot
vqgNE	text	eDQx3	Title
vquRv	text	e71VkD	Label
vsUgN	icon	cPq1t	Message icon
vscSL	frame	A8aaG	Light
vuzig	frame	wy7Q8	default
vwDys	frame	J4V9sk	error
vwwQE	ref	zZtNz	destructive
vxZye	frame	T0AJo	Divider
vz2Pj	text	CXJgv	Note
vznbx	text	LGYJw	Stops
w01tO	text	aivYO	Name
w0DhIg	ref	VrvQg	Page header
w0JF4	text	yMdZ3	D
w0Pls	frame	ppSEn	Dark
w0noU	text	X2uIw	B
w14cH	text	aMVRV	Caption
w242m	frame	gy8qm	Account selector
w2ECY	text	b2025	C
w2K93	text	s6mCu	W
w2dD5j	frame	TAiP4	negative
w3fR5o	frame	owVI5	Input · amount
w4EdPE	text	FhlEn	Caption
w4s5r	text	XCEta	Role
w5B1Y	text	lQif8	Cell
w5V8d	frame	HlRZX	Nav
w5Y7SS	frame	eCz1k	Specimens
w5ZouR	frame	y0Xgc	Empty state
w5toy	frame	i37OxU	List form
w636KL	text	VkJJl	Who
w6eXK	frame	NKnBB	Merchant
w740u0	frame	gy8qm	Nav item
w7S1xF	frame	ZdPhc	Page title and action
w7bh3O	frame	UwIRb	Spacer
w8Iaf	frame	mK77g	Card
w8X3bw	frame	sKqay	Slot
w9AI2P	frame	l2Tw8Y	Dark
wBQBc	ref	jZHqM	Mark
wC0kH	ref	cU3n4	secondary active
wCFlW	frame	W4jV16	Chips
wCboc	frame	b3MTx	Tab
wCqI3	text	yxCve	Merchant
wD9t5	text	xeX08	Contract
wDdaE	text	Kf2Yr	Figures
wFIL6	text	ZOHIE	Value
wGfF3	frame	q4cZdR	sm
wGgKF	ref	h87HV	Tab hover
wKrSR	rectangle	pIXZq	Box
wLGZd	frame	Y9zNY	Adjacency
wLSeW	frame	hWY7j	Cell
wNvIU	text	Kqqag	Role
wOvw8	frame	C1M5zg	Icon button
wPN89	text	IbI8K	Caption
wPT7Y	text	TCZBs	c0
wQZhy	frame	SpMHa	density-cell-padding-y
wR7Jl	ref	LpuRz	Form field
wRK4t	ref	aSpLx	radio on hover
wSR92	text	n4QxIB	Panel footer
wShyF	ref	UwIRb	Budgets
wTjfz	text	YwlA6	Token
wUSMd	frame	gy8qm	Seek pager
wUZZy	frame	yVfDo	Table
wUywT	frame	YCDI4	Transaction row/compact
wVk9t	ref	P0l6eD	Menu focus
wWdJk	frame	uMfqn	Spec header
waMvf	text	l1TBF	Easing
waee1	text	Y9vPtm	Px
wc718	text	Jvikh	Name
wedJ7	frame	NXVMx	Chips
wfQkd	text	yWiEH	Token
wguXp	text	FOaFA	Label
wjaoE	text	IbI8K	Caption
wmU0Q	frame	R0OxC0	Content
wogpk	text	Y9vPtm	Token
wpcsR	text	IbI8K	Caption
wq5hq	ref	QBR3e	Input value
wsIW4	frame	vwDys	Slot
wszvu	text	xvcMf	Label
wtPp3	text	p4eSI	Px
wu7kH	frame	J7yDc	Light
wu8mv	text	Fjlli	Contract
wuMdf	text	Q8wAo	Sub
wvZPE	frame	g9Awyx	Slot
wwNhI	text	x6SOV	pattern
wy6pY	frame	UGmgz	Row
wy7Q8	frame	WjcyJ	Specimens
wyUdA	frame	eEzVs	Groceries is over budget
wzalh	text	PRm92	S
x0AUf	frame	jH3QI	Chips
x0R8u	frame	yn9UX	light
x0urz	frame	totwS	Light
x1kEHE	frame	yn9UX	dark
x25lQ4	ref	kBOku	switch on disabled
x2TtNH	text	oXmRw	Note
x2VqP3	text	W2fEd	N
x3DFqG	frame	e71VkD	Cell
x3lqx	frame	nubMl	Specimens
x5pmW	ref	vcb7d	Direction
x6SOV	frame	DOmZy	Head
x6gZR9	text	U2vv9	Caption
x6oHlX	frame	WRwWX	Transactions, from the sidebar
x7StGo	frame	G3TEI8	control-target-min
x7TE5Q	frame	gy8qm	Form field
x8FJdc	frame	iEzP7	Elevation
x8GA9V	frame	UGmgz	Row
xA5es	text	e163z	Name
xE987	text	L7GmV6	c0
xEZ7T	frame	vdV0B	Spec header
xFbsw	frame	B9mDb	Slot
xFdXE	ref	wLSeW	leading icon read-only
xIPZv	frame	BCTrj	Pair
xJD8m	frame	tda8a	Light
xKfaZ	frame	AOHLY	Chips
xKl1J	text	y7nJp4	S
xME0d	text	q8bOIO	Email
xME4g	frame	cwrhF	Brand tile
xNVFG	frame	bmf3i	Body
xORxy	frame	A8aaG	Dark
xSfCx	frame	h9uKN	color-action-primary-hover
xTeCh	frame	WjcyJ	Spec header
xUVOb	frame	WEr0u	Slot
xUp8e	text	X1uXU6	Cell
xVEJk	frame	f0q8O5	color-chart-1
xVPU0	ref	CqT4U	secondary rest
xVmlI	ref	ukMZS	secondary focus
xWHJK	frame	r2J1JC	Cell
xa2jq	text	x3lqx	Caption
xaEBT	text	IwgOG	rest
xapW9	ref	ytAFU	Icon sliders-horizontal
xavth	ref	AwdCR	error
xazBZ	text	Q3TcPw	Body
xblT9	text	FKSVH	S
xdDs5	frame	aSiHB	Brand tile
xeX08	frame	K6O5LV	Spec header
xf1bp	text	A4msH	c1
xfNuS	ref	B307MH	Tab uncategorised
xgBmi	frame	AEBxd	Spec header
xhUan	frame	gJtKG	Label row
xjDrY	text	PRm92	V
xknge	text	s6mCu	N
xlHHF	frame	hSSo4	Content
xm3sN	text	J3ktOd	Merchant
xmeyZ	frame	a7Cr1y	Dark
xmucV	text	wyUdA	A
xod4a	frame	A0h48b	Page header
xrluv	text	TuK25	Contract
xsmxk	frame	A0qTu	Cell
xts96	text	X1uXU6	Cell
xuljF	frame	aA7RE	H category
xvW5I	frame	qQ3QX	transport
xvcMf	frame	r1goa	Page header
xxprc	ref	ZXnVr	disabled
xxsPr	frame	NqSIc	neutral
xyaqg	frame	YHA3V	Ledger
y077N	frame	v4jISe	Dark
y0SrPn	text	wLGZd	Income
y0Xgc	frame	z470vC	Row
y0gzBq	text	Xieoj	Name
y1w0gH	text	b2GxUH	What
y245y7	text	ZWm2a	Caption
y25CFw	frame	Jlt5Z	direction in
y2b5f	frame	kNRaN	Dark
y2v5K	frame	lD514	Light
y5B2nJ	frame	c8oxje	Dark
y5Uv1V	text	PviJn	Amount
y5Zem	text	cPq1t	Message
y6NjK	ref	iUzy0	Page header
y6ojM	text	GMWHe	Note
y76Bs	ref	F2KKsc	destructive focus
y7APpK	frame	f0q8O5	color-chart-3
y7nJp4	frame	ZdPhc	Tab counts
y98B6	frame	U3Tzr	Header
y9pR1n	frame	gy8qm	Pagination
yBRDP	frame	gy8qm	Ledger row
yCPgC	frame	wy7Q8	ellipsis
yDeBw	text	kfa2T	hover
yDlOH	text	cfpvZ	Use
yEhxM	frame	AWr0y	Cell
yHNlE	ref	ft2yE	Menu disabled
yHyfV	frame	fTIdB	Matrix
yHz65	text	n1vpYc	Name
yM5hL	rectangle	Mdi1X	Segment
yMdZ3	frame	ZdPhc	Settings subsections
yNe92	ref	hgGS2	Row
yOrgc	text	svvnw	reached by
yP7CN	frame	C9DT1w	Specimens
yPdmm	frame	H0APd	Main
yQT9Z	text	e7o7M	S
yR4St	ref	K9E9A	affix + code read-only
ySkbX	frame	DOmZy	Stepper
yThTp	text	CSIlr	Contract
yTrn8	text	KOC57	N
yTzU8	text	y7nJp4	D
yUK3I	text	miHSM	Name
yVfDo	frame	vFRGA	compact
yVlGA	ref	JHiaC	Button sm
yVxgs	text	dYG7b	Token
yWiEH	frame	lHxua	color-control-border
yXjNC	text	LLxFg	Expense
yaVba	text	E3XyC	rest
yaXWD	text	AWymE	Amount
ydza8	text	tWeSh	Contract
yhEtx	frame	V3hOmK	type-size-heading-lg
yhPTP	frame	VTcO9	Drawer
ykWci	frame	s92v8	Ring
ykuW2	frame	V6Wr1o	Row
ym3Wy	frame	HXYCc	Spacer
yn9UX	frame	unWvr	Pair
ypzq3	ref	jyhhb	Action
yr1Hm	text	Fny8k	Cell
ysP4V	frame	MDNC6	Balance card
ysgF3	rectangle	cfkK0	Current edge
ysy3B	frame	B1oanp	Chips
ytAFU	frame	YM2Da	Toolbar
ytIEI	frame	YwlA6	Chips
yv69e	frame	exiPr	Row interaction
ywJuo	frame	V3hOmK	type-size-amount-sm
yxByF	text	jQ1IB	Note
yxCve	frame	xyaqg	Row
yxnOd	text	rmqac	c0
yyGEs	text	R5wNy3	Name
yyPXL	frame	nggNl	Right
z0Tk3	ref	j6wPfr	switch off hover
z19hT4	text	BJ3YK	Role
z1A0pq	ref	BPW3V	Page header
z22Mz	text	unHRN	Order
z27f0	rectangle	t8NDiS	Bar
z2pwum	frame	x0R8u	Forms
z3biO1	frame	z4Xwy6	switch on
z470vC	frame	PB6kW	Specimens
z4E7R	frame	H0ouZ2	Slot
z4Xwy6	frame	j3mNr	Matrix
z4soC	frame	N51Evi	Line 1
z6d4Ej	text	O8AR0	Measurement
z6erp4	frame	QDxug	Spec header
z9kMyP	frame	ZdPhc	Breadcrumbs
zAaOY	text	oEg6v	Note
zBxSz	frame	Hgs7O	Spec header
zDwed	frame	gJtKG	Ring
zErIq	text	bmWMq	Note
zGTiP	text	tkB06	Label
zJXPN	ref	ykWci	mixed focus
zK6Z1	text	ru4yJ	Q
zLBPH	text	A4msH	c2
zNM35	frame	bmWMq	Spec header
zNsCZ	frame	zST8l	color-action-on-destructive
zST8l	frame	gt28l	Row
zTQn0	text	oXmRw	Label
zUzbR	text	GEqdP	Label
zV9E9	frame	PB6kW	Spec header
zVJvb	ref	fwKnX	Settings
zWEB9	text	zBxSz	Contract
zWEnr	text	GVpgl	Date
zZtNz	frame	j1DxTi	Row
zaL6Q	text	O1sfhh	Label
zdqfP	text	IbI8K	Caption
zeY31	ref	QETwn	Avatar
zfSRK	frame	V3hOmK	type-size-body-lg
zhWyF	text	xME4g	w
zi7XI	ref	z2pwum	Rail
zjuzB	frame	S1QlJ	CONTENT SLOT
znvlM	frame	aSiHB	Nav current
zo0tV	frame	iEzP7	Density
zo11y	text	IbI8K	Caption
zpySO	frame	LsnFv	Light
zqj9c	frame	RNLhB	Rules
zs9bO	text	W1VoyO	Link
zs9rn	text	m8Tyd	Caption
zsei3	ref	r9ngy0	read-only + affix
zuaTU	text	GCEbT	Focus
zv5ci	frame	iEzP7	Header
zx4i9	text	X1uXU6	Cell
zx52V	text	rE2VY	Heading
zynUV	text	VE2z9	Amount
zz26B	text	ZCRDb	Note
zz9Lm	frame	QF5ET	Dark
